,代码,名称,最新价,涨跌额,涨跌幅,买入,卖出,昨收,今开,最高,最低,成交量,成交额
0,sz159998,计算机ETF天弘,0.94,0.009,0.967,0.939,0.94,0.931,0.94,0.954,0.937,77529500,73390714
1,sz159997,电子ETF天弘,2.173,-0.005,-0.23,2.173,2.174,2.178,2.244,2.26,2.16,31502300,69938663
2,sz159996,家电ETF国泰,1.468,0.002,0.136,1.468,1.469,1.466,1.466,1.478,1.458,47505751,69695550
3,sz159995,芯片ETF华夏,2.383,-0.016,-0.667,2.383,2.384,2.399,2.492,2.515,2.371,492581934,1204041212
4,sz159994,通信ETF银华,1.446,-0.013,-0.891,1.445,1.446,1.459,1.496,1.504,1.441,165019600,243247349
5,sz159993,证券ETF鹏华,1.136,0.033,2.992,1.135,1.136,1.103,1.105,1.14,1.096,128389063,144222913
6,sz159992,创新药ETF银华,0.736,0.018,2.507,0.735,0.736,0.718,0.718,0.737,0.713,789426010,572974078
7,sz159991,创业板大盘ETF招商,0.919,0.001,0.109,0.918,0.919,0.918,0.932,0.937,0.915,7988700,7400950
8,sz159985,豆粕ETF华夏,2.017,-0.003,-0.149,2.017,2.018,2.02,2.011,2.022,2.003,62661500,126160865
9,sz159982,中证500ETF鹏华,2.159,0.024,1.124,2.159,2.169,2.135,2.153,2.189,2.15,7005600,15197011
10,sz159981,能源化工ETF建信,1.665,-0.002,-0.12,1.664,1.665,1.667,1.644,1.673,1.641,337925300,560476054
11,sz159980,有色ETF大成,2.115,0.024,1.148,2.114,2.115,2.091,2.113,2.128,2.108,282729165,598984507
12,sz159977,创业板ETF天弘,2.001,0.008,0.401,2.001,2.002,1.993,2.036,2.044,1.995,65706800,132737908
13,sz159976,湾创ETF工银,1.326,0.021,1.609,1.321,1.331,1.305,1.319,1.332,1.319,1251520,1664134
14,sz159975,深100ETF招商,0.812,0.007,0.87,0.812,0.816,0.805,0.811,0.822,0.811,3953500,3229265
15,sz159974,央企创新ETF富国,1.82,0.017,0.943,1.816,1.824,1.803,1.82,1.839,1.82,1124400,2058348
16,sz159973,民企ETF弘毅远方,2.079,0.025,1.217,2.079,2.087,2.054,2.026,2.098,2.023,636500,1325346
17,sz159972,5年地方债ETF鹏华,119.106,0.058,0.049,119.095,119.106,119.048,119.13,119.13,119.047,18651500,2221206156
18,sz159971,创业板ETF富国,1.338,0.005,0.375,1.337,1.338,1.333,1.358,1.367,1.333,51596300,69722366
19,sz159970,深100ETF工银,1.11,0.016,1.463,1.106,1.114,1.094,1.11,1.123,1.11,4466700,4990574
20,sz159968,中证500ETF博时,10.5,0.124,1.195,10.506,10.528,10.376,10.563,10.676,10.273,2169500,22917563
21,sz159967,创业板成长ETF华夏,0.896,-0.004,-0.444,0.895,0.896,0.9,0.929,0.93,0.893,719155691,654826600
22,sz159966,创业板价值ETF华夏,0.592,0.002,0.339,0.591,0.592,0.59,0.596,0.602,0.59,10463600,6262945
23,sz159965,央视50ETF国联,1.694,0.006,0.355,1.688,1.7,1.688,1.699,1.702,1.694,46100,78258
24,sz159964,创业板ETF平安,2.504,0.014,0.562,2.507,2.516,2.49,2.547,2.565,2.497,1237700,3130714
25,sz159961,深100ETF方正富邦,2.37,0.032,1.369,2.361,2.379,2.338,2.361,2.398,2.361,1151300,2741309
26,sz159960,恒生中国企业ETF平安,0.84,0.008,0.962,0.84,0.844,0.832,0.832,0.846,0.832,12379000,10432495
27,sz159959,央企ETF银华,1.641,0.021,1.296,1.631,1.643,1.62,1.615,1.655,1.615,638700,1052423
28,sz159958,创业板ETF工银,2.326,0.011,0.475,2.32,2.326,2.315,2.368,2.384,2.314,2089500,4914503
29,sz159957,创业板ETF华夏,2.522,0.011,0.438,2.521,2.522,2.511,2.563,2.576,2.517,39641500,101049219
30,sz159956,创业板ETF建信,2.439,0.017,0.702,2.433,2.441,2.422,2.487,2.487,2.434,2359600,5814714
31,sz159954,恒生中国企业ETF南方,0.909,0.013,1.451,0.908,0.909,0.896,0.9,0.914,0.9,2186900,1986936
32,sz159952,创业板ETF广发,2.337,0.015,0.646,2.336,2.337,2.322,2.377,2.39,2.328,259913349,613610520
33,sz159949,创业板50ETF华安,1.855,0.007,0.379,1.854,1.855,1.848,1.897,1.899,1.851,832388489,1560928938
34,sz159948,创业板ETF南方,4.238,0.009,0.213,4.238,4.25,4.229,4.315,4.344,4.236,16551180,71037371
35,sz159945,能源ETF广发,1.368,0.003,0.22,1.368,1.37,1.365,1.301,1.385,1.301,7706400,10555344
36,sz159944,材料ETF广发,1.537,0.056,3.781,1.537,1.539,1.481,1.495,1.559,1.495,5064500,7764227
37,sz159943,深证成指ETF大成,1.645,0.015,0.92,1.644,1.645,1.63,1.655,1.665,1.64,14046300,23245731
38,sz159941,纳指ETF广发,1.598,0.022,1.396,1.598,1.599,1.576,1.635,1.636,1.597,1574182692,2552716132
39,sz159940,金融地产ETF广发,1.191,0.026,2.232,1.186,1.191,1.165,1.164,1.192,1.155,3186300,3768646
40,sz159939,信息技术ETF广发,1.139,-0.003,-0.263,1.137,1.139,1.142,1.184,1.185,1.135,26557200,30962707
41,sz159938,医药ETF广发,0.577,0.011,1.943,0.577,0.578,0.566,0.565,0.579,0.561,77547900,44259482
42,sz159937,黄金ETF博时,8.632,0.145,1.708,8.632,8.633,8.487,8.656,8.694,8.619,78782829,681564845
43,sz159936,可选消费ETF广发,1.969,0.005,0.255,1.97,1.976,1.964,1.956,1.98,1.956,838000,1650405
44,sz159935,中证500ETF景顺,2.55,0.034,1.351,2.54,2.56,2.516,2.554,2.592,2.55,1067700,2737498
45,sz159934,黄金ETF易方达,9.041,0.151,1.699,9.041,9.042,8.89,9.063,9.107,9.026,140060283,1269285505
46,sz159933,金融地产ETF国投瑞银,2.842,0.06,2.157,2.841,2.848,2.782,2.772,2.842,2.772,46400,131469
47,sz159931,金融地产ETF汇添富,1.827,0.04,2.238,1.827,1.828,1.787,1.774,1.827,1.774,385600,697125
48,sz159930,能源ETF汇添富,1.716,0.005,0.292,1.716,1.717,1.711,1.689,1.737,1.689,49613400,85139441
49,sz159929,医药ETF汇添富,1.187,0.022,1.888,1.186,1.187,1.165,1.162,1.189,1.155,65481100,76887654
50,sz159928,消费ETF汇添富,0.657,0.007,1.077,0.657,0.658,0.65,0.65,0.66,0.645,340395500,222611936
51,sz159925,沪深300ETF南方,4.853,0.063,1.315,4.853,4.857,4.79,4.858,4.883,4.824,17157903,83146871
52,sz159923,中证A100ETF大成,2.236,0.036,1.636,2.23,2.244,2.2,2.222,2.25,2.222,314900,705280
53,sz159922,中证500ETF嘉实,3.278,0.045,1.392,3.277,3.278,3.233,3.28,3.33,3.265,100988176,332371547
54,sz159920,恒生ETF华夏,1.446,0.022,1.545,1.446,1.447,1.424,1.44,1.456,1.436,218672056,316564564
55,sz159919,沪深300ETF嘉实,5.013,0.061,1.232,5.013,5.014,4.952,4.998,5.049,4.99,271363777,1362461706
56,sz159918,中创400ETF嘉实,2.674,0.011,0.413,2.663,2.685,2.663,2.692,2.724,2.674,809600,2195914
57,sz159916,基本面ETF建信,5.054,0.042,0.838,5.034,5.062,5.012,5.02,5.098,5.02,8000,40350
58,sz159915,创业板ETF易方达,3.846,0.016,0.418,3.845,3.846,3.83,3.932,3.934,3.835,1249608655,4861543973
59,sz159913,深价值ETF交银,2.422,0.002,0.083,2.417,2.431,2.42,2.4,2.436,2.288,106200,256968
60,sz159912,深300ETF汇添富,2.057,0.02,0.982,2.049,2.065,2.037,2.038,2.078,2.038,497800,1026489
61,sz159910,基本面120ETF嘉实,2.358,0.028,1.202,2.352,2.359,2.33,2.353,2.4,2.318,460900,1092521
62,sz159909,TMT50ETF招商,1.397,-0.004,-0.286,1.397,1.4,1.401,1.431,1.443,1.395,5600393,7950923
63,sz159908,创业板ETF博时,3.575,0.014,0.393,3.575,3.579,3.561,3.63,3.658,3.566,35874500,130046371
64,sz159907,国证2000ETF广发,1.115,0.007,0.632,1.115,1.119,1.108,1.114,1.13,1.11,8603400,9653073
65,sz159906,深成长ETF大成,1.931,0.016,0.836,1.931,1.933,1.915,1.948,1.97,1.927,4882612,9509474
66,sz159905,红利ETF工银,1.697,0.016,0.952,1.697,1.698,1.681,1.682,1.705,1.675,21220600,35895941
67,sz159903,深成ETF南方,1.823,0.014,0.774,1.823,1.824,1.809,1.83,1.845,1.819,29281300,53689487
68,sz159902,中小100ETF华夏,4.83,0.048,1.004,4.823,4.831,4.782,4.823,4.888,4.821,2544700,12352690
69,sz159901,深证100ETF易方达,3.878,0.029,0.753,3.878,3.879,3.849,3.9,3.924,3.867,93876485,365821534
70,sz159899,软件ETF招商,0.712,0.01,1.425,0.71,0.712,0.702,0.707,0.722,0.703,37524900,26781234
71,sz159898,医疗器械ETF招商,0.478,0.006,1.271,0.478,0.479,0.472,0.475,0.48,0.472,43624201,20766283
72,sz159896,物联网ETF南方,1.354,-0.008,-0.587,1.353,1.357,1.362,1.387,1.402,1.354,477500,660908
73,sz159895,物联网ETF易方达,1.46,-0.007,-0.477,1.46,1.463,1.467,1.496,1.514,1.46,481200,718240
74,sz159892,恒生医药ETF华夏,0.633,0.02,3.263,0.632,0.633,0.613,0.62,0.635,0.612,1541115463,962361908
75,sz159891,医疗ETF建信,0.377,0.005,1.344,0.377,0.378,0.372,0.373,0.379,0.372,27156401,10165857
76,sz159890,云计算ETF招商,1.66,0.001,0.06,1.659,1.66,1.659,1.675,1.692,1.653,13541100,22677053
77,sz159889,智能汽车ETF国泰,0.954,0.0,0.0,0.954,0.956,0.954,0.96,0.973,0.953,1828900,1760327
78,sz159888,智能汽车ETF华夏,1.108,0.001,0.09,1.107,1.108,1.107,1.108,1.129,1.106,26604001,29718564
79,sz159887,银行ETF富国,1.33,0.022,1.682,1.329,1.33,1.308,1.297,1.33,1.294,92632400,121813108
80,sz159886,机械ETF富国,0.998,0.016,1.629,0.997,0.998,0.982,0.992,1.016,0.986,3917000,3933283
81,sz159885,碳中和ETF鹏华,0.798,0.015,1.916,0.798,0.8,0.783,0.791,0.806,0.788,1997850,1599375
82,sz159883,医疗器械ETF永赢,0.432,0.006,1.408,0.431,0.432,0.426,0.427,0.433,0.426,170717727,73424108
83,sz159881,有色金属ETF国泰,1.904,0.097,5.368,1.902,1.904,1.807,1.888,1.933,1.823,15113200,28690041
84,sz159880,有色ETF鹏华,1.983,0.093,4.921,1.983,1.985,1.89,1.936,2.024,1.919,28624200,56516869
85,sz159877,医疗ETF南方,0.503,0.007,1.411,0.501,0.503,0.496,0.497,0.504,0.496,2677700,1337921
86,sz159876,有色ETF华宝,1.02,0.05,5.155,1.02,1.021,0.97,0.988,1.039,0.984,196354800,199844470
87,sz159875,新能源ETF嘉实,0.687,0.011,1.627,0.686,0.687,0.676,0.681,0.7,0.68,105201401,72585244
88,sz159873,医疗设备ETF天弘,0.511,0.007,1.389,0.51,0.511,0.504,0.504,0.513,0.503,22759300,11566061
89,sz159872,智能网联汽车ETF鹏华,0.884,0.006,0.683,0.879,0.887,0.878,0.878,0.897,0.878,360100,320852
90,sz159871,有色ETF银华,0.99,0.047,4.984,0.99,0.991,0.943,0.962,1.012,0.958,74880600,73878416
91,sz159870,化工ETF鹏华,0.844,0.028,3.431,0.844,0.845,0.816,0.819,0.852,0.811,1693074841,1413102234
92,sz159869,游戏ETF华夏,1.063,0.014,1.335,1.063,1.064,1.049,1.059,1.083,1.049,462979441,493370738
93,sz159867,养殖ETF鹏华,0.527,0.007,1.346,0.526,0.527,0.52,0.519,0.528,0.514,59309710,30874770
94,sz159866,日经ETF工银,1.672,0.032,1.951,1.671,1.672,1.64,1.693,1.704,1.671,234806055,396767500
95,sz159865,养殖ETF国泰,0.518,0.008,1.569,0.517,0.518,0.51,0.511,0.519,0.505,347263200,178183377
96,sz159864,光伏ETF国泰,0.652,0.0,0.0,0.651,0.652,0.652,0.658,0.67,0.65,37445000,24798219
97,sz159863,光伏ETF鹏华,0.663,-0.001,-0.151,0.663,0.665,0.664,0.668,0.68,0.661,9403556,6323172
98,sz159862,食品饮料ETF银华,0.543,0.003,0.556,0.543,0.544,0.54,0.541,0.546,0.537,4097800,2224479
99,sz159861,碳中和50ETF国泰,1.162,0.015,1.308,1.161,1.162,1.147,1.161,1.177,1.145,3467920,4039539
100,sz159859,生物医药ETF天弘,0.329,0.008,2.492,0.328,0.329,0.321,0.323,0.33,0.318,403430323,130853246
101,sz159858,创新药ETF南方,0.587,0.013,2.265,0.587,0.588,0.574,0.574,0.588,0.568,14285400,8295558
102,sz159857,光伏ETF天弘,0.848,0.0,0.0,0.848,0.849,0.848,0.857,0.87,0.845,144546600,124284239
103,sz159856,互联网龙头ETF工银,0.572,0.007,1.239,0.571,0.572,0.565,0.566,0.577,0.566,2997600,1717732
104,sz159855,影视ETF银华,0.771,0.003,0.391,0.771,0.772,0.768,0.771,0.779,0.757,15257700,11727969
105,sz159852,软件ETF嘉实,0.684,0.009,1.333,0.683,0.684,0.675,0.681,0.695,0.677,601685300,412778678
106,sz159851,金融科技ETF华宝,0.623,0.022,3.661,0.623,0.624,0.601,0.605,0.632,0.605,587261165,364562446
107,sz159850,恒生国企ETF华夏,0.808,0.012,1.508,0.808,0.809,0.796,0.8,0.811,0.798,22435322,18099414
108,sz159849,生物科技ETF招商,0.438,0.013,3.059,0.437,0.438,0.425,0.425,0.438,0.423,9371500,4033667
109,sz159848,证券ETF国联安,0.829,0.025,3.109,0.829,0.83,0.804,0.808,0.834,0.801,7533500,6208631
110,sz159847,医疗ETF易方达,0.354,0.007,2.017,0.353,0.354,0.347,0.347,0.354,0.345,69432500,24379548
111,sz159845,中证1000ETF华夏,3.396,0.019,0.563,3.396,3.399,3.377,3.42,3.453,3.39,390451323,1336062225
112,sz159843,食品饮料ETF招商,0.539,0.009,1.698,0.538,0.539,0.53,0.532,0.542,0.531,16106800,8658193
113,sz159842,券商ETF银华,0.992,0.033,3.441,0.992,0.993,0.959,0.96,0.996,0.955,582544144,571289710
114,sz159841,证券ETF天弘,0.945,0.031,3.392,0.945,0.946,0.914,0.916,0.949,0.91,495512900,463424278
115,sz159840,锂电池ETF工银,0.868,0.021,2.479,0.868,0.869,0.847,0.852,0.879,0.849,284694900,246673035
116,sz159839,生物医药ETF汇添富,0.306,0.006,2.0,0.305,0.306,0.3,0.3,0.307,0.295,194479400,58567435
117,sz159838,医药50ETF博时,0.518,0.009,1.768,0.518,0.519,0.509,0.509,0.52,0.505,3616400,1867287
118,sz159837,生物科技ETF易方达,0.428,0.013,3.133,0.428,0.429,0.415,0.417,0.429,0.414,64604708,27283783
119,sz159836,创业板300ETF天弘,1.397,0.011,0.794,1.397,1.403,1.386,1.386,1.42,1.386,1289101,1820368
120,sz159835,创新药ETF建信,0.572,0.012,2.143,0.571,0.572,0.56,0.56,0.572,0.554,31695500,17944128
121,sz159834,金ETF南方,9.026,0.136,1.53,9.026,9.029,8.89,9.052,9.107,9.018,7593600,68766889
122,sz159831,金ETF嘉实,8.74,0.145,1.687,8.74,8.748,8.595,8.751,8.799,8.723,4371800,38267804
123,sz159830,金ETF天弘,9.032,0.144,1.62,9.031,9.032,8.888,9.09,9.103,9.017,6685700,60523777
124,sz159828,医疗ETF国泰,0.371,0.007,1.923,0.37,0.371,0.364,0.365,0.372,0.362,139275000,51338011
125,sz159827,农业ETF银华,0.76,0.015,2.013,0.759,0.761,0.745,0.745,0.765,0.739,1712500,1295165
126,sz159825,农业ETF富国,0.705,0.014,2.026,0.704,0.705,0.691,0.689,0.709,0.683,114795200,80185137
127,sz159824,新能源车ETF博时,1.255,0.029,2.365,1.253,1.255,1.226,1.226,1.27,1.226,3482000,4362175
128,sz159822,新经济ETF银华,0.598,0.008,1.356,0.598,0.599,0.59,0.594,0.601,0.594,11653400,6961415
129,sz159821,创业板ETF中银证券,1.444,-0.002,-0.138,1.417,1.445,1.446,1.467,1.472,1.444,739400,1079771
130,sz159820,中证500ETF天弘,1.395,0.017,1.234,1.395,1.396,1.378,1.399,1.416,1.391,9424800,13213392
131,sz159819,人工智能ETF易方达,1.851,-0.003,-0.162,1.851,1.852,1.854,1.91,1.915,1.842,265497465,497972914
132,sz159816,0-4年地方债ETF鹏华,114.302,0.03,0.026,114.297,114.303,114.272,114.279,114.31,114.279,28721200,3282689736
133,sz159814,创业大盘ETF西部利得,0.807,0.007,0.875,0.806,0.807,0.8,0.815,0.825,0.803,62490894,50862735
134,sz159813,半导体ETF鹏华,1.524,-0.008,-0.522,1.523,1.524,1.532,1.599,1.608,1.518,236384275,370773720
135,sz159812,黄金ETF前海开源,8.626,0.146,1.722,8.614,8.626,8.48,8.636,8.678,8.603,2173000,18765282
136,sz159811,5GETF博时,3.353,-0.022,-0.652,3.353,3.354,3.375,3.454,3.49,3.343,9633200,32842147
137,sz159810,创业板ETF浦银,1.545,0.009,0.586,1.542,1.544,1.536,1.564,1.575,1.542,1261200,1968272
138,sz159808,创100ETF融通,1.481,0.008,0.543,1.48,1.481,1.473,1.479,1.507,1.479,1149900,1716825
139,sz159807,科技ETF易方达,0.945,0.0,0.0,0.945,0.946,0.945,0.967,0.976,0.942,35317200,33877384
140,sz159806,新能源车ETF国泰,0.824,0.019,2.36,0.824,0.825,0.805,0.808,0.833,0.807,26291200,21576639
141,sz159805,传媒ETF鹏华,1.162,0.011,0.956,1.161,1.162,1.151,1.16,1.177,1.15,24060100,28012803
142,sz159804,创中盘88ETF国寿,1.739,0.01,0.578,1.733,1.746,1.729,1.734,1.78,1.734,222801,393943
143,sz159801,芯片ETF广发,1.178,-0.008,-0.675,1.178,1.179,1.186,1.229,1.244,1.174,174189100,210877950
144,sz159800,中证800ETF鹏华,1.463,0.014,0.966,1.45,1.478,1.449,1.463,1.475,1.459,280000,410171
145,sz159798,消费ETF易方达,0.825,0.003,0.365,0.825,0.826,0.822,0.822,0.825,0.813,18340500,15024673
146,sz159797,医疗器械ETF汇添富,0.665,0.01,1.527,0.664,0.665,0.655,0.656,0.666,0.655,2065500,1368308
147,sz159796,电池ETF汇添富,1.017,0.021,2.108,1.016,1.017,0.996,1.004,1.037,1.001,751326400,766675298
148,sz159795,智能汽车ETF汇添富,0.947,0.001,0.106,0.949,0.951,0.946,0.956,0.966,0.947,5135802,4894162
149,sz159793,线上消费ETF平安,0.797,0.009,1.142,0.79,0.797,0.788,0.791,0.801,0.781,480800,382454
150,sz159792,港股通互联网ETF富国,0.595,0.003,0.507,0.595,0.596,0.592,0.6,0.602,0.593,6389917176,3815470404
151,sz159791,300ESGETF华夏,1.14,0.016,1.423,1.14,1.145,1.124,1.135,1.147,1.133,2093600,2389631
152,sz159790,碳中和ETF华夏,0.778,0.01,1.302,0.778,0.779,0.768,0.77,0.789,0.77,44097702,34377933
153,sz159788,港股通100ETF易方达,1.199,0.017,1.438,1.196,1.199,1.182,1.184,1.205,1.184,11678921,13992810
154,sz159787,建材ETF易方达,0.628,0.003,0.48,0.627,0.628,0.625,0.625,0.632,0.62,3450000,2156470
155,sz159786,VRETF银华,1.228,-0.005,-0.406,1.228,1.229,1.233,1.254,1.265,1.225,15368900,19250448
156,sz159783,科创创业50ETF华夏,1.226,-0.003,-0.244,1.226,1.227,1.229,1.27,1.272,1.221,162891402,203080465
157,sz159782,双创50ETF银华,1.221,-0.005,-0.408,1.221,1.222,1.226,1.263,1.266,1.218,31320300,38972225
158,sz159781,科创创业ETF易方达,1.221,-0.006,-0.489,1.221,1.222,1.227,1.267,1.27,1.216,447186361,556031293
159,sz159780,科创创业50ETF南方,1.217,-0.007,-0.572,1.217,1.218,1.224,1.266,1.266,1.214,113099661,139837052
160,sz159779,消费电子ETF招商,1.56,-0.011,-0.7,1.559,1.56,1.571,1.63,1.631,1.554,8748046,13943189
161,sz159778,工业互联网ETF鹏华,1.265,0.006,0.477,1.26,1.265,1.259,1.282,1.29,1.262,564300,723004
162,sz159777,创科技ETF国联安,1.321,0.009,0.686,1.315,1.321,1.312,1.348,1.348,1.313,3455000,4584551
163,sz159776,港股医药ETF银华,0.974,0.032,3.397,0.973,0.974,0.942,0.947,0.976,0.941,20521100,19707884
164,sz159775,电池ETF建信,0.9,0.02,2.273,0.9,0.901,0.88,0.884,0.91,0.881,25798401,23165366
165,sz159773,创业板科技ETF华泰柏瑞,1.401,0.001,0.071,1.4,1.401,1.4,1.419,1.431,1.396,4842600,6857310
166,sz159770,机器人ETF天弘,1.12,-0.011,-0.973,1.119,1.12,1.131,1.145,1.172,1.117,239432700,273588359
167,sz159768,房地产ETF银华,0.432,0.003,0.699,0.432,0.434,0.429,0.43,0.439,0.425,68349800,29479622
168,sz159767,电池龙头ETF兴银,0.881,0.021,2.442,0.881,0.882,0.86,0.864,0.891,0.862,8967400,7876698
169,sz159766,旅游ETF富国,0.59,0.018,3.147,0.59,0.591,0.572,0.576,0.592,0.575,369012913,215823011
170,sz159763,新材料ETF建信,0.792,0.005,0.635,0.792,0.794,0.787,0.794,0.806,0.786,11955700,9502863
171,sz159761,新材料ETF国泰,0.867,0.005,0.58,0.866,0.867,0.862,0.88,0.884,0.861,21774400,18972374
172,sz159760,医疗健康ETF泰康,0.525,0.011,2.14,0.524,0.525,0.514,0.517,0.526,0.508,3687604,1924281
173,sz159758,红利质量ETF华夏,1.073,0.012,1.131,1.073,1.074,1.061,1.065,1.086,1.064,80958900,87365491
174,sz159757,电池ETF景顺,0.899,0.021,2.392,0.899,0.9,0.878,0.882,0.911,0.881,18827600,16861273
175,sz159755,电池ETF广发,1.08,0.025,2.37,1.08,1.081,1.055,1.065,1.095,1.058,748319103,806844567
176,sz159752,新能源ETF申万菱信,0.704,0.014,2.029,0.704,0.705,0.69,0.696,0.717,0.696,14343000,10132090
177,sz159751,港股通科技ETF鹏华,0.873,0.009,1.042,0.872,0.873,0.864,0.873,0.881,0.872,61435300,53833118
178,sz159750,港股科技50ETF招商,0.859,0.013,1.537,0.858,0.859,0.846,0.856,0.864,0.855,127296400,109402615
179,sz159748,创新药ETF富国,0.662,0.02,3.115,0.661,0.662,0.642,0.647,0.663,0.64,40771600,26720515
180,sz159747,香港科技ETF南方,1.166,0.016,1.391,1.165,1.166,1.15,1.167,1.178,1.164,46381504,54283152
181,sz159745,建材ETF国泰,0.571,0.004,0.705,0.57,0.571,0.567,0.568,0.577,0.563,127652500,72691733
182,sz159743,湖北ETF博时,1.52,0.011,0.729,1.514,1.52,1.509,1.525,1.545,1.504,953300,1457703
183,sz159742,恒生科技ETF博时,0.601,0.005,0.839,0.6,0.601,0.596,0.604,0.608,0.601,311496295,188411694
184,sz159741,恒生科技ETF嘉实,0.586,0.003,0.515,0.586,0.587,0.583,0.59,0.595,0.586,181646200,107402237
185,sz159740,恒生科技ETF大成,0.587,0.005,0.859,0.586,0.587,0.582,0.588,0.593,0.585,2233308011,1316873648
186,sz159739,云计算ETF鹏华,1.543,0.003,0.195,1.542,1.543,1.54,1.556,1.57,1.539,16555600,25739742
187,sz159738,云计算ETF华泰柏瑞,2.023,0.007,0.347,2.016,2.023,2.016,2.043,2.066,2.018,10184200,20742065
188,sz159736,食品饮料ETF天弘,0.588,0.005,0.858,0.587,0.588,0.583,0.58,0.591,0.579,51716600,30331387
189,sz159735,港股消费ETF银华,0.705,0.021,3.07,0.704,0.705,0.684,0.684,0.706,0.684,144691500,101063735
190,sz159732,消费电子ETF华夏,1.482,-0.016,-1.068,1.482,1.485,1.498,1.549,1.555,1.482,325727342,496017447
191,sz159731,石化ETF华夏,0.927,0.023,2.544,0.927,0.928,0.904,0.896,0.939,0.895,134938200,124326131
192,sz159730,家电ETF博时,1.043,-0.006,-0.572,1.04,1.043,1.049,1.051,1.052,1.043,2218800,2321251
193,sz159729,互联网ETF汇添富,0.682,0.009,1.337,0.675,0.69,0.673,0.669,0.687,0.663,417600,284341
194,sz159728,在线消费ETF南方,0.768,0.008,1.053,0.765,0.768,0.76,0.767,0.78,0.763,5291100,4078324
195,sz159726,港股通高股息ETF华夏,1.361,0.018,1.34,1.361,1.364,1.343,1.346,1.371,1.346,16079410,21937760
196,sz159725,线上消费ETF工银,0.762,0.006,0.794,0.76,0.762,0.756,0.758,0.771,0.754,6512200,4968887
197,sz159723,科技龙头ETF汇添富,1.107,0.014,1.281,1.103,1.107,1.093,1.095,1.124,1.095,876401,978382
198,sz159721,深证100ETF永赢,1.133,0.009,0.801,1.133,1.136,1.124,1.135,1.158,1.132,7935200,9054367
199,sz159720,智能车ETF泰康,0.802,0.011,1.391,0.801,0.805,0.791,0.792,0.811,0.792,371800,298436
200,sz159719,国企ETF平安,1.563,0.004,0.257,1.564,1.565,1.559,1.547,1.57,1.547,1629300,2549428
201,sz159718,港股医药ETF平安,0.723,0.02,2.845,0.723,0.724,0.703,0.712,0.727,0.703,35124200,25197481
202,sz159717,ESGETF鹏华,1.081,0.011,1.028,1.077,1.091,1.07,1.066,1.092,1.066,12257200,13265063
203,sz159716,深证100ETF华宝,1.194,0.013,1.101,1.189,1.199,1.181,1.199,1.207,1.191,3299102,3956727
204,sz159715,稀土ETF易方达,1.321,0.033,2.562,1.32,1.321,1.288,1.299,1.361,1.299,81161424,107763625
205,sz159713,稀土ETF富国,1.435,0.03,2.135,1.435,1.436,1.405,1.418,1.48,1.418,70255200,101734274
206,sz159712,港股通50ETF国泰,1.202,0.018,1.52,1.199,1.202,1.184,1.191,1.207,1.191,15493400,18632012
207,sz159711,港股通50ETF华夏,1.291,0.019,1.494,1.289,1.291,1.272,1.282,1.297,1.282,11430500,14781932
208,sz159709,物联网ETF工银,1.805,-0.001,-0.055,1.8,1.804,1.806,1.813,1.86,1.8,661800,1212640
209,sz159708,红利ETF西部利得,0.816,0.008,0.99,0.816,0.817,0.808,0.81,0.821,0.806,16884301,13757324
210,sz159707,地产ETF华宝,0.485,0.007,1.464,0.484,0.485,0.478,0.479,0.49,0.474,135460300,65263325
211,sz159706,深证100ETF华安,1.0,0.015,1.523,0.989,1.006,0.985,0.994,1.008,0.994,5830100,5850042
212,sz159703,新材料ETF天弘,0.98,0.003,0.307,0.98,0.981,0.977,0.998,1.007,0.98,3923500,3892955
213,sz159701,物联网ETF招商,1.344,-0.004,-0.297,1.343,1.344,1.348,1.361,1.382,1.343,1077700,1461642
214,sz159700,科创债ETF南方,101.218,0.068,0.067,101.183,101.218,101.15,101.197,101.219,101.159,32690510,3307289357
215,sz159699,恒生消费ETF广发,0.915,0.016,1.78,0.914,0.915,0.899,0.903,0.919,0.899,43352800,39442683
216,sz159698,粮食ETF鹏华,0.918,0.012,1.325,0.918,0.919,0.906,0.904,0.924,0.892,58344100,53047430
217,sz159697,石油ETF鹏华,1.297,0.021,1.646,1.296,1.297,1.276,1.261,1.312,1.261,49916400,64618658
218,sz159696,纳指ETF易方达,1.989,0.029,1.48,1.988,1.989,1.96,2.027,2.034,1.986,81396301,164079401
219,sz159695,通信ETF嘉实,3.29,-0.039,-1.172,3.289,3.29,3.329,3.422,3.425,3.276,23720500,79181553
220,sz159692,证券ETF东财,1.167,0.037,3.274,1.166,1.167,1.13,1.131,1.17,1.124,89824900,103600557
221,sz159691,港股红利ETF工银,1.225,0.013,1.073,1.224,1.225,1.212,1.216,1.233,1.212,157301600,192694607
222,sz159690,有色矿业ETF招商,2.017,0.094,4.888,2.017,2.02,1.923,1.958,2.059,1.95,23357100,46807875
223,sz159689,消费ETF南方,0.621,0.006,0.976,0.621,0.622,0.615,0.611,0.623,0.61,1041300,644834
224,sz159688,恒生互联网ETF华安,0.783,0.007,0.902,0.782,0.783,0.776,0.782,0.79,0.78,161856901,127013429
225,sz159687,亚太精选ETF南方,1.899,0.034,1.823,1.899,1.9,1.865,1.955,1.99,1.874,719432110,1387555199
226,sz159686,A100ETF易方达,1.311,0.021,1.628,1.306,1.316,1.29,1.303,1.321,1.303,8413000,11042323
227,sz159685,1000增强ETF天弘,1.51,0.019,1.274,1.51,1.516,1.491,1.505,1.531,1.505,3976900,6031591
228,sz159682,创业板50ETF景顺,1.8,0.005,0.279,1.8,1.801,1.795,1.842,1.845,1.797,164931664,299805781
229,sz159681,创业板50ETF鹏华,1.825,0.009,0.496,1.825,1.827,1.816,1.859,1.866,1.818,38753099,71314676
230,sz159680,中证1000增强ETF招商,1.74,0.034,1.993,1.738,1.74,1.706,1.728,1.758,1.728,63007500,109887699
231,sz159679,中证1000增强ETF国泰,1.306,0.025,1.952,1.303,1.305,1.281,1.291,1.324,1.286,5632405,7387472
232,sz159678,500增强ETF博时,1.575,0.03,1.942,1.575,1.578,1.545,1.568,1.597,1.548,3567000,5638714
233,sz159677,中证1000增强ETF银华,1.524,0.022,1.465,1.524,1.526,1.502,1.51,1.539,1.51,6996500,10697440
234,sz159676,创业板增强ETF富国,1.692,0.015,0.894,1.692,1.693,1.677,1.705,1.717,1.688,3834800,6543151
235,sz159675,创业板增强ETF嘉实,1.595,0.006,0.378,1.595,1.601,1.589,1.62,1.631,1.591,3990700,6441163
236,sz159673,沪深300ETF鹏华,1.319,0.017,1.306,1.319,1.32,1.302,1.309,1.328,1.309,27862000,36788951
237,sz159672,消费ETF博时,0.619,0.005,0.814,0.617,0.619,0.614,0.617,0.622,0.609,2890400,1780410
238,sz159671,稀有金属ETF工银,1.548,0.06,4.032,1.547,1.548,1.488,1.522,1.579,1.5,83116853,128126104
239,sz159670,消费50ETF国联安,0.843,0.006,0.717,0.841,0.843,0.837,0.837,0.843,0.832,4773800,4002046
240,sz159669,绿色电力ETF国泰,1.204,0.015,1.262,1.204,1.205,1.189,1.188,1.212,1.183,5949500,7139514
241,sz159667,工业母机ETF国泰,0.785,-0.002,-0.254,0.785,0.786,0.787,0.805,0.81,0.784,222237500,177052649
242,sz159666,交通运输ETF华夏,0.958,0.018,1.915,0.958,0.959,0.94,0.941,0.96,0.941,23391947,22346184
243,sz159665,半导体龙头ETF工银,2.484,-0.015,-0.6,2.484,2.485,2.499,2.596,2.62,2.474,16376000,41776549
244,sz159663,机床ETF华夏,2.341,-0.004,-0.171,2.341,2.342,2.345,2.381,2.413,2.339,42351700,100886980
245,sz159662,交运ETF南方,0.963,0.02,2.121,0.962,0.965,0.943,0.943,0.965,0.943,7282300,6987137
246,sz159661,A100ETF嘉实,1.452,0.022,1.538,1.455,1.458,1.43,1.444,1.462,1.444,4892200,7112196
247,sz159660,纳指ETF汇添富,2.309,0.034,1.495,2.309,2.31,2.275,2.363,2.363,2.308,77125598,180704062
248,sz159659,纳斯达克100ETF招商,2.269,0.033,1.476,2.269,2.27,2.236,2.321,2.324,2.263,181352200,417221586
249,sz159658,数字经济ETF华安,1.783,0.005,0.281,1.783,1.784,1.778,1.778,1.842,1.778,3344301,6056714
250,sz159657,疫苗ETF鹏华,0.536,0.013,2.486,0.536,0.537,0.523,0.525,0.536,0.521,3201101,1700161
251,sz159656,沪深300成长ETF万家,1.258,0.013,1.044,1.258,1.259,1.245,1.257,1.27,1.255,8017300,10110180
252,sz159655,标普500ETF华夏,1.868,0.014,0.755,1.867,1.868,1.854,1.889,1.89,1.862,57428800,107782593
253,sz159653,ESG300ETF国联安,1.227,0.017,1.405,1.227,1.232,1.21,1.222,1.24,1.222,25400,31273
254,sz159652,有色ETF汇添富,1.683,0.088,5.517,1.683,1.684,1.595,1.63,1.712,1.623,140147672,234144446
255,sz159651,国开债ETF平安,107.755,-0.005,-0.005,107.749,107.755,107.76,107.766,107.766,107.751,216100,23286982
256,sz159650,国开债ETF博时,107.651,-0.007,-0.007,107.65,107.651,107.658,107.663,107.678,107.647,498200,53634526
257,sz159649,国开债ETF华安,109.9,0.025,0.023,109.89,109.9,109.875,109.889,109.912,109.875,3416500,375458343
258,sz159647,中药ETF鹏华,0.864,0.014,1.647,0.863,0.864,0.85,0.85,0.864,0.846,20954300,17992428
259,sz159645,疫苗ETF富国,0.552,0.011,2.033,0.551,0.552,0.541,0.539,0.555,0.538,1306100,716173
260,sz159643,疫苗ETF国泰,0.493,0.012,2.495,0.492,0.493,0.481,0.483,0.493,0.48,13130400,6407853
261,sz159642,碳中和ETF大成,1.007,0.018,1.82,1.007,1.025,0.989,0.997,1.02,0.997,121207,123526
262,sz159641,碳中和ETF招商,1.066,0.024,2.303,1.062,1.07,1.042,1.051,1.079,1.049,5238817,5610246
263,sz159640,碳中和龙头ETF工银,1.007,0.028,2.86,1.007,1.008,0.979,0.99,1.02,0.99,5688401,5725569
264,sz159639,碳中和ETF南方,1.023,0.025,2.505,1.023,1.024,0.998,1.007,1.034,1.006,6289007,6421977
265,sz159638,高端装备ETF嘉实,0.93,0.024,2.649,0.93,0.931,0.906,0.918,0.951,0.917,71311000,66779547
266,sz159637,新能源车ETF东财,0.934,0.021,2.3,0.933,0.934,0.913,0.917,0.945,0.917,15936500,14804231
267,sz159636,港股通科技30ETF工银,0.507,0.006,1.198,0.506,0.507,0.501,0.506,0.512,0.505,881791173,448386708
268,sz159635,基建ETF华夏,1.006,0.016,1.616,1.006,1.01,0.99,0.995,1.017,0.99,35046300,35230037
269,sz159633,中证1000ETF易方达,3.488,0.03,0.868,3.488,3.49,3.458,3.495,3.537,3.472,120955766,423791155
270,sz159632,纳斯达克ETF华安,2.376,0.039,1.669,2.375,2.376,2.337,2.419,2.422,2.373,274206074,659012604
271,sz159631,A100ETF招商,1.288,0.022,1.738,1.287,1.293,1.266,1.278,1.297,1.278,4335200,5594695
272,sz159630,A100ETF汇添富,1.415,-0.008,-0.562,1.409,1.415,1.423,1.437,1.437,1.408,309500,436731
273,sz159629,中证1000ETF富国,3.4,0.024,0.711,3.4,3.403,3.376,3.414,3.45,3.384,47456577,161921952
274,sz159628,国证2000ETF万家,1.447,0.018,1.26,1.444,1.447,1.429,1.441,1.468,1.44,40517700,58791762
275,sz159627,A100ETF华夏,1.348,0.024,1.813,1.343,1.352,1.324,1.311,1.356,1.311,7948800,10711848
276,sz159625,绿色电力ETF嘉实,1.31,0.013,1.002,1.31,1.311,1.297,1.297,1.32,1.289,38976500,50910594
277,sz159623,成渝经济圈ETF博时,1.043,0.006,0.579,1.039,1.043,1.037,1.047,1.052,1.041,7927600,8292026
278,sz159622,创新药ETF东财,0.929,0.025,2.765,0.929,0.93,0.904,0.907,0.932,0.9,56015600,51542221
279,sz159621,ESGETF国泰,1.182,0.022,1.897,1.17,1.188,1.16,1.171,1.187,1.171,175400,206167
280,sz159620,中证500成长ETF华夏,1.271,0.018,1.437,1.271,1.276,1.253,1.248,1.285,1.248,5746200,7358777
281,sz159619,基建ETF国泰,0.953,0.014,1.491,0.951,0.953,0.939,0.94,0.962,0.94,5080322,4832591
282,sz159618,光伏ETF华安,0.788,0.0,0.0,0.786,0.793,0.788,0.799,0.807,0.786,6909000,5520175
283,sz159617,中证500价值ETF华夏,1.343,0.021,1.589,1.338,1.347,1.322,1.323,1.348,1.321,1747100,2337586
284,sz159616,农牧ETF建信,0.786,0.016,2.078,0.783,0.786,0.77,0.776,0.792,0.76,13057000,10202404
285,sz159615,恒生生物科技ETF南方,0.907,0.027,3.068,0.907,0.908,0.88,0.892,0.913,0.879,128763300,115739107
286,sz159613,信息安全ETF嘉实,0.836,0.004,0.481,0.836,0.839,0.832,0.839,0.851,0.833,6690400,5640029
287,sz159612,标普500ETF国泰,1.941,0.018,0.936,1.941,1.942,1.923,1.958,1.961,1.937,17742219,34596384
288,sz159611,电力ETF广发,1.14,0.012,1.064,1.14,1.141,1.128,1.129,1.146,1.119,592657806,672246032
289,sz159610,中证500增强ETF景顺,1.26,0.018,1.449,1.259,1.26,1.242,1.26,1.278,1.257,6758502,8559986
290,sz159609,光伏ETF浦银,0.579,0.0,0.0,0.578,0.579,0.579,0.582,0.593,0.577,25190702,14795922
291,sz159608,稀有金属ETF广发,1.265,0.047,3.859,1.264,1.265,1.218,1.245,1.29,1.23,215960000,272070350
292,sz159607,中概互联网ETF嘉实,0.8,0.008,1.01,0.8,0.801,0.792,0.801,0.808,0.797,166585400,133677858
293,sz159606,中证500成长ETF易方达,1.312,0.017,1.313,1.312,1.313,1.295,1.305,1.33,1.305,12784915,16866068
294,sz159605,中概互联ETF广发,0.806,0.009,1.129,0.805,0.806,0.797,0.807,0.813,0.804,319798001,258293534
295,sz159603,科创创业ETF天弘,1.888,-0.008,-0.422,1.888,1.89,1.896,1.945,1.958,1.882,8414700,16192248
296,sz159602,中国A50ETF南方,1.104,0.019,1.751,1.103,1.104,1.085,1.099,1.11,1.091,8001600,8818546
297,sz159601,A50ETF华夏,1.141,0.02,1.784,1.14,1.141,1.121,1.128,1.149,1.128,63416101,72323296
298,sz159600,科创债ETF嘉实,101.219,0.012,0.012,101.211,101.219,101.207,101.191,101.23,101.174,19248500,1948081893
299,sz159599,芯片ETF东财,2.858,-0.012,-0.418,2.858,2.859,2.87,2.979,3.007,2.846,52523800,154178012
300,sz159597,创业板成长ETF易方达,2.659,0.009,0.34,2.659,2.67,2.65,2.738,2.739,2.657,13280800,35895133
301,sz159596,A50ETF华宝,0.66,0.009,1.382,0.66,0.662,0.651,0.658,0.666,0.656,20955100,13847131
302,sz159595,中证A50ETF大成,1.383,0.023,1.691,1.381,1.383,1.36,1.369,1.39,1.369,98623904,136193776
303,sz159593,中证A50ETF平安,1.378,0.019,1.398,1.378,1.381,1.359,1.367,1.39,1.367,69954102,96515324
304,sz159592,A50ETF银华,1.363,0.025,1.868,1.356,1.363,1.338,1.345,1.368,1.338,13086300,17802325
305,sz159591,A50ETF富国,1.388,0.022,1.611,1.388,1.389,1.366,1.38,1.398,1.378,17894600,24832098
306,sz159590,软件ETF汇添富,0.894,0.014,1.591,0.894,0.895,0.88,0.886,0.907,0.883,53721200,48132181
307,sz159589,红利ETF广发,1.095,0.016,1.483,1.094,1.095,1.079,1.078,1.099,1.075,7842600,8541603
308,sz159588,石油ETF景顺,1.223,0.02,1.663,1.223,1.224,1.203,1.178,1.236,1.178,20074100,24581129
309,sz159587,粮食ETF广发,1.18,0.014,1.201,1.179,1.18,1.166,1.169,1.189,1.15,11920500,13972397
310,sz159586,计算机ETF南方,1.079,0.014,1.315,1.079,1.08,1.065,1.071,1.095,1.067,10326800,11173175
311,sz159583,通信ETF富国,1.859,-0.014,-0.747,1.859,1.86,1.873,1.926,1.93,1.848,294197752,554978587
312,sz159582,半导体ETF博时,3.56,-0.036,-1.001,3.56,3.562,3.596,3.756,3.81,3.542,24418700,90037803
313,sz159581,红利ETF万家,1.071,0.014,1.325,1.071,1.072,1.057,1.056,1.074,1.053,18970900,20216033
314,sz159578,深证主板50ETF南方,1.179,0.006,0.512,1.174,1.184,1.173,1.179,1.188,1.179,249300,294733
315,sz159577,美国50ETF汇添富,1.554,0.013,0.844,1.554,1.555,1.541,1.577,1.579,1.551,59806955,93838641
316,sz159576,深证100ETF广发,1.671,0.019,1.15,1.671,1.673,1.652,1.67,1.681,1.663,7005100,11709898
317,sz159575,创业板200ETF银华,1.509,0.014,0.936,1.512,1.518,1.495,1.509,1.543,1.509,1827600,2795393
318,sz159573,创业板200ETF华夏,1.553,0.012,0.779,1.554,1.555,1.541,1.555,1.581,1.548,12375500,19419683
319,sz159572,创业板200ETF易方达,1.545,0.013,0.849,1.547,1.551,1.532,1.544,1.573,1.542,7234500,11285266
320,sz159571,创业板200ETF富国,1.546,0.024,1.577,1.54,1.552,1.522,1.547,1.583,1.542,378900,592201
321,sz159570,港股通创新药ETF汇添富,1.259,0.045,3.707,1.258,1.259,1.214,1.228,1.265,1.211,2297338836,2854836157
322,sz159569,港股红利低波ETF景顺,1.414,0.014,1.0,1.414,1.415,1.4,1.4,1.423,1.4,74470800,105358475
323,sz159568,港股互联网ETF博时,1.17,0.01,0.862,1.169,1.17,1.16,1.175,1.18,1.166,72138100,84658492
324,sz159567,港股创新药ETF银华,0.608,0.022,3.754,0.608,0.609,0.586,0.592,0.611,0.586,2232166496,1340061077
325,sz159566,储能电池ETF易方达,2.131,0.031,1.476,2.131,2.132,2.1,2.115,2.176,2.115,168923206,362620384
326,sz159565,汽车零部件ETF易方达,1.463,0.009,0.619,1.463,1.464,1.454,1.469,1.493,1.46,18334900,27090912
327,sz159563,创业板综ETF华夏,1.963,0.021,1.081,1.955,1.963,1.942,1.952,2.001,1.952,2793300,5572746
328,sz159562,黄金股ETF华夏,1.958,0.108,5.838,1.958,1.959,1.85,1.901,1.998,1.881,99417314,192872097
329,sz159561,德国ETF嘉实,1.282,0.018,1.424,1.281,1.282,1.264,1.282,1.286,1.28,72395200,92834697
330,sz159560,芯片ETF景顺,2.313,-0.01,-0.43,2.312,2.313,2.323,2.43,2.435,2.305,9819800,23373818
331,sz159559,机器人ETF景顺,1.368,-0.011,-0.798,1.368,1.369,1.379,1.39,1.435,1.362,126209061,175684664
332,sz159558,半导体设备ETF易方达,3.106,-0.078,-2.45,3.105,3.106,3.184,3.349,3.368,3.084,425686100,1372753184
333,sz159557,恒生医疗ETF嘉实,1.207,0.033,2.811,1.204,1.207,1.174,1.182,1.212,1.169,85148900,101839281
334,sz159556,中证2000增强ETF平安,1.263,0.011,0.879,1.259,1.265,1.252,1.264,1.278,1.252,3475000,4405532
335,sz159555,中证2000增强ETF银华,1.753,0.019,1.096,1.753,1.76,1.734,1.747,1.777,1.747,6276900,11030429
336,sz159553,中证2000增强ETF海富通,1.944,0.019,0.987,1.944,1.947,1.925,1.944,1.97,1.939,768600,1500404
337,sz159552,中证2000增强ETF招商,2.218,0.018,0.818,2.218,2.22,2.2,2.218,2.249,2.206,27326100,60945460
338,sz159551,机器人ETF国泰,1.4,-0.012,-0.85,1.4,1.401,1.412,1.425,1.462,1.395,19918850,28401855
339,sz159550,互联网ETF东财,0.785,0.01,1.29,0.784,0.785,0.775,0.781,0.792,0.778,3591000,2818150
340,sz159549,红利低波ETF天弘,1.192,0.01,0.846,1.189,1.191,1.182,1.182,1.194,1.172,5032200,5965222
341,sz159547,红利低波ETF华夏,1.214,0.015,1.251,1.214,1.215,1.199,1.197,1.214,1.191,127787900,153757157
342,sz159546,集成电路ETF国泰,0.819,-0.009,-1.087,0.819,0.82,0.828,0.856,0.865,0.815,72336848,60931080
343,sz159545,恒生红利低波ETF易方达,1.361,0.013,0.964,1.36,1.361,1.348,1.35,1.366,1.349,45446087,61858459
344,sz159543,国证2000ETF工银,1.561,0.007,0.45,1.555,1.569,1.554,1.577,1.628,1.542,2662000,4165757
345,sz159542,工程机械ETF大成,1.423,0.019,1.353,1.423,1.426,1.404,1.412,1.44,1.412,3348500,4788565
346,sz159541,创业板综ETF万家,1.644,0.012,0.735,1.644,1.646,1.632,1.645,1.678,1.64,8199000,13641592
347,sz159540,信创ETF易方达,1.991,-0.003,-0.15,1.991,1.992,1.994,2.06,2.073,1.987,12530600,25429395
348,sz159539,信创ETF广发,1.862,0.005,0.269,1.86,1.862,1.857,1.928,1.935,1.858,3607400,6852798
349,sz159538,信创ETF富国,1.887,-0.001,-0.053,1.887,1.891,1.888,1.906,1.96,1.884,4360400,8353838
350,sz159537,信创ETF国泰,1.878,-0.002,-0.106,1.878,1.883,1.88,1.944,2.068,1.874,2546728,4903506
351,sz159536,中证2000ETF汇添富,1.475,0.013,0.889,1.474,1.475,1.462,1.475,1.5,1.469,15237700,22643901
352,sz159535,中证2000ETF嘉实,1.506,0.011,0.736,1.511,1.512,1.495,1.495,1.53,1.495,2434800,3692438
353,sz159533,中证2000ETF博时,2.027,-0.016,-0.783,2.027,2.028,2.043,2.075,2.076,2.018,2110953,4339430
354,sz159532,中证2000ETF易方达,1.731,0.015,0.874,1.731,1.732,1.716,1.723,1.757,1.723,29794200,51918778
355,sz159531,中证2000ETF南方,1.494,0.017,1.151,1.494,1.495,1.477,1.49,1.517,1.49,100031100,150423255
356,sz159530,机器人ETF易方达,1.523,-0.015,-0.975,1.523,1.524,1.538,1.555,1.599,1.516,722545848,1122144535
357,sz159529,标普消费ETF景顺,1.283,0.007,0.549,1.283,1.284,1.276,1.295,1.298,1.282,71755725,92446074
358,sz159528,国企改革ETF富国,1.242,0.02,1.637,1.242,1.243,1.222,1.221,1.253,1.221,468300,582345
359,sz159527,云计算ETF广发,2.061,0.004,0.194,2.061,2.062,2.057,2.089,2.099,2.056,2319728,4827937
360,sz159526,机器人ETF嘉实,1.587,-0.016,-0.998,1.587,1.588,1.603,1.618,1.657,1.58,25708500,41446050
361,sz159525,红利低波ETF富国,1.092,0.009,0.831,1.092,1.093,1.083,1.08,1.093,1.075,9177400,9969168
362,sz159523,沪深300成长ETF华夏,1.285,0.018,1.421,1.282,1.285,1.267,1.277,1.294,1.276,4965100,6392691
363,sz159521,国证2000ETF平安,1.331,0.009,0.681,1.326,1.336,1.322,1.329,1.34,1.323,9980200,13304868
364,sz159520,消费龙头ETF工银,0.908,0.004,0.442,0.907,0.908,0.904,0.905,0.911,0.898,4091500,3702440
365,sz159519,港股国企ETF国泰,1.775,0.031,1.778,1.77,1.775,1.744,1.746,1.78,1.746,48104078,85330141
366,sz159518,标普油气ETF嘉实,1.113,-0.034,-2.964,1.113,1.114,1.147,1.097,1.119,1.097,613740500,681922631
367,sz159517,中证800增强ETF银华,1.374,0.023,1.702,1.375,1.378,1.351,1.362,1.392,1.362,2226900,3075578
368,sz159516,半导体设备ETF国泰,1.323,-0.036,-2.649,1.322,1.323,1.359,1.428,1.437,1.317,2792963036,3833639261
369,sz159515,国企红利ETF鹏扬,1.177,0.013,1.117,1.177,1.178,1.164,1.164,1.18,1.158,2748900,3225436
370,sz159513,纳斯达克100ETF大成,1.799,0.026,1.466,1.798,1.799,1.773,1.838,1.839,1.792,141254800,257241235
371,sz159512,汽车ETF广发,1.147,0.017,1.504,1.145,1.147,1.13,1.136,1.159,1.132,8593400,9870704
372,sz159511,通信ETF南方,2.598,-0.027,-1.029,2.598,2.599,2.625,2.689,2.689,2.591,8459000,22282595
373,sz159510,沪深300价值ETF华夏,1.234,0.011,0.899,1.234,1.237,1.223,1.224,1.241,1.224,2699900,3334705
374,sz159509,纳指科技ETF景顺,2.625,0.017,0.652,2.625,2.626,2.608,2.699,2.699,2.61,380929468,1014016365
375,sz159508,生物医药ETF华安,0.684,0.017,2.549,0.684,0.685,0.667,0.669,0.684,0.66,2821000,1906836
376,sz159507,通信ETF广发,0.999,-0.015,-1.479,0.999,1.0,1.014,1.051,1.051,0.998,84560400,86198232
377,sz159506,港股通创新药医疗ETF富国,1.075,0.041,3.965,1.074,1.075,1.034,1.047,1.079,1.035,457792200,486133919
378,sz159505,国证2000ETF博时,1.695,0.009,0.534,1.688,1.699,1.686,1.704,1.738,1.687,3935700,6767585
379,sz159502,标普生物科技ETF嘉实,1.316,0.02,1.543,1.316,1.317,1.296,1.321,1.321,1.315,110920820,146192127
380,sz159501,纳指ETF嘉实,2.036,0.026,1.294,2.035,2.036,2.01,2.06,2.074,2.032,91977900,188804139
381,sz159500,中证500ETF富国,1.206,0.011,0.921,1.206,1.208,1.195,1.21,1.222,1.201,16187400,19624530
382,sz159400,科创债ETF景顺,100.738,0.06,0.06,100.712,100.74,100.678,100.72,100.742,100.687,3151510,317399387
383,sz159399,现金流ETF国泰,1.014,0.009,0.896,1.013,1.014,1.005,1.005,1.023,1.004,235351923,238663820
384,sz159398,信用债ETF天弘,102.041,0.067,0.066,102.04,102.043,101.974,101.945,102.041,101.945,9641600,983635479
385,sz159397,信用债ETF广发,102.672,0.043,0.042,102.668,102.677,102.629,102.649,102.698,102.6,17047200,1750170688
386,sz159396,信用债ETF博时,102.802,0.075,0.073,102.786,102.802,102.727,102.808,102.808,102.716,14268800,1466663128
387,sz159395,信用债ETF大成,102.897,0.079,0.077,102.874,102.889,102.818,102.853,102.9,102.815,22535190,2318239580
388,sz159393,沪深300ETF万家,5.067,0.067,1.34,5.067,5.076,5.0,5.069,5.095,5.022,3383500,17140766
389,sz159392,航空ETF富国,1.085,0.055,5.34,1.085,1.086,1.03,1.035,1.094,1.035,9626600,10346314
390,sz159391,大盘价值ETF博时,1.083,0.012,1.12,1.082,1.093,1.071,1.072,1.084,1.065,937300,1009936
391,sz159390,中证A50ETF国联,1.244,0.014,1.138,1.246,1.249,1.23,1.243,1.258,1.243,11625300,14571702
392,sz159389,数字经济ETF嘉实,1.835,0.003,0.164,1.832,1.836,1.832,1.849,1.899,1.828,3853100,7240713
393,sz159388,创业板人工智能ETF国泰,1.093,-0.007,-0.636,1.093,1.094,1.1,1.125,1.132,1.089,152015802,168619965
394,sz159387,创业板新能源ETF国泰,0.868,0.012,1.402,0.868,0.869,0.856,0.865,0.884,0.864,217344500,189711194
395,sz159386,A500ETF永赢,1.333,0.016,1.215,1.33,1.333,1.317,1.33,1.346,1.33,14588800,19540133
396,sz159385,数字经济ETF富国,1.839,-0.002,-0.109,1.839,1.84,1.841,1.87,1.908,1.834,5533100,10384218
397,sz159383,创业板50ETF华泰柏瑞,1.933,0.012,0.625,1.93,1.933,1.921,1.962,1.967,1.927,2407200,4692058
398,sz159382,创业板人工智能ETF南方,2.852,-0.018,-0.627,2.852,2.853,2.87,2.95,2.955,2.841,50839300,147108744
399,sz159381,创业板人工智能ETF华夏,1.263,-0.006,-0.473,1.262,1.263,1.269,1.304,1.31,1.256,319335067,409129533
400,sz159380,A500ETF东财,1.399,0.015,1.084,1.398,1.399,1.384,1.394,1.41,1.394,4419300,6193348
401,sz159379,A500ETF融通,1.39,0.018,1.312,1.377,1.39,1.372,1.385,1.401,1.385,243000,339369
402,sz159378,通用航空ETF永赢,1.171,0.046,4.089,1.171,1.172,1.125,1.13,1.195,1.126,40210200,47121915
403,sz159377,创业板医药ETF国泰,0.905,0.019,2.144,0.904,0.905,0.886,0.888,0.908,0.884,16714000,15057367
404,sz159376,A500ETF浦银,1.374,0.017,1.253,1.369,1.372,1.357,1.376,1.387,1.371,3360300,4632154
405,sz159375,创业板50ETF国泰,2.073,0.009,0.436,2.072,2.073,2.064,2.084,2.107,2.067,5583600,11682864
406,sz159373,创业板50ETF嘉实,1.987,0.014,0.71,1.986,1.987,1.973,2.029,2.049,1.981,18167600,36452772
407,sz159372,创业板50ETF万家,2.073,0.009,0.436,2.073,2.074,2.064,2.128,2.128,2.07,1482100,3101402
408,sz159371,创业板50ETF富国,1.946,0.011,0.568,1.946,1.95,1.935,2.247,2.247,1.935,3958700,7839539
409,sz159370,创50ETF工银,2.056,0.012,0.587,2.052,2.064,2.044,2.081,2.1,2.054,931900,1930632
410,sz159369,创业板50ETF易方达,1.584,0.008,0.508,1.583,1.584,1.576,1.607,1.623,1.58,6115909,9778661
411,sz159368,创业板新能源ETF华夏,1.571,0.019,1.224,1.571,1.573,1.552,1.57,1.603,1.566,116909825,185181155
412,sz159367,创业板50ETF华夏,1.954,0.01,0.514,1.954,1.955,1.944,1.995,2.0,1.949,6435700,12697878
413,sz159366,港股医疗ETF永赢,1.135,0.027,2.437,1.135,1.136,1.108,1.118,1.14,1.106,69826400,78680105
414,sz159365,恒指港股通ETF富国,0.967,0.015,1.576,0.966,0.97,0.952,0.962,0.974,0.962,2357100,2284946
415,sz159363,创业板人工智能ETF华宝,1.336,-0.004,-0.299,1.335,1.336,1.34,1.382,1.385,1.332,884500200,1198827679
416,sz159362,A500ETF工银,1.342,0.018,1.36,1.342,1.346,1.324,1.336,1.354,1.336,17749219,23875576
417,sz159361,A500ETF易方达,1.286,0.015,1.18,1.285,1.286,1.271,1.282,1.299,1.282,1303130423,1680388440
418,sz159360,A500ETF天弘,1.351,0.017,1.274,1.346,1.351,1.334,1.346,1.364,1.346,34126300,46208727
419,sz159359,A500ETF华安,1.325,0.018,1.377,1.32,1.328,1.307,1.32,1.338,1.32,19097902,25386341
420,sz159358,中证A500ETF大成,1.352,0.017,1.273,1.352,1.353,1.335,1.352,1.365,1.349,55360600,75041161
421,sz159357,A500ETF博时,1.328,0.016,1.22,1.325,1.328,1.312,1.325,1.34,1.325,20845000,27736321
422,sz159356,A500ETF万家,1.33,0.016,1.218,1.328,1.33,1.314,1.321,1.341,1.321,44153816,58774800
423,sz159355,800红利低波ETF华宝,1.043,0.005,0.482,1.041,1.044,1.038,1.038,1.044,1.03,1048903,1089062
424,sz159353,中证A500ETF景顺,1.278,0.012,0.948,1.278,1.279,1.266,1.274,1.29,1.274,166657600,213671467
425,sz159352,A500ETF南方,1.31,0.013,1.002,1.309,1.31,1.297,1.313,1.326,1.309,1850692101,2436275585
426,sz159351,A500ETF嘉实,1.266,0.015,1.199,1.264,1.266,1.251,1.261,1.277,1.261,390319200,495173044
427,sz159350,深证50ETF富国,1.667,0.008,0.482,1.667,1.668,1.659,1.681,1.69,1.663,45943800,77060115
428,sz159339,A500ETF银华,1.272,0.015,1.193,1.269,1.272,1.257,1.269,1.284,1.269,51046611,65078904
429,sz159338,中证A500ETF国泰,1.264,0.016,1.282,1.263,1.264,1.248,1.264,1.275,1.26,3333608289,4223943381
430,sz159337,中证500ETF东财,1.841,0.023,1.265,1.841,1.842,1.818,1.849,1.866,1.837,9048500,16738904
431,sz159336,央企红利ETF融通,1.16,0.019,1.665,1.158,1.16,1.141,1.146,1.168,1.143,4766400,5512825
432,sz159335,央企科创ETF融通,1.573,-0.006,-0.38,1.57,1.573,1.579,1.6,1.621,1.573,1608800,2577607
433,sz159333,港股央企红利ETF万家,1.371,0.019,1.405,1.372,1.373,1.352,1.353,1.38,1.353,9395300,12895819
434,sz159332,央企红利ETF富国,1.183,0.015,1.284,1.181,1.183,1.168,1.177,1.183,1.166,1283000,1506984
435,sz159331,红利港股ETF国泰,1.286,0.012,0.942,1.285,1.286,1.274,1.273,1.291,1.273,5083200,6537703
436,sz159330,沪深300ETF东财,1.488,0.023,1.57,1.488,1.489,1.465,1.475,1.492,1.475,17988500,26682174
437,sz159329,沙特ETF南方,0.918,0.01,1.101,0.918,0.919,0.908,0.915,0.921,0.914,42010900,38530920
438,sz159328,家电ETF易方达,1.062,-0.01,-0.933,1.062,1.067,1.072,1.067,1.075,1.062,2953100,3148217
439,sz159327,半导体设备ETF万家,3.162,-0.085,-2.618,3.162,3.164,3.247,3.417,3.428,3.143,71459900,236038466
440,sz159326,电网设备ETF华夏,1.994,0.006,0.302,1.994,1.995,1.988,2.023,2.046,1.986,658947142,1324988446
441,sz159325,半导体ETF南方,2.087,-0.018,-0.855,2.086,2.087,2.105,2.196,2.203,2.085,74627000,160156971
442,sz159323,港股通汽车ETF华夏,1.154,0.029,2.578,1.152,1.154,1.125,1.136,1.159,1.135,139112200,159955578
443,sz159322,黄金股ETF平安,1.453,0.083,6.058,1.453,1.454,1.37,1.4,1.484,1.4,10508700,15161829
444,sz159321,黄金股ETF华安,1.383,0.074,5.653,1.383,1.384,1.309,1.336,1.412,1.332,44536600,61154406
445,sz159320,电网设备ETF广发,2.165,0.002,0.092,2.164,2.165,2.163,2.183,2.221,2.159,44586776,97742208
446,sz159318,恒指港股通ETF银华,1.269,0.019,1.52,1.269,1.274,1.25,1.262,1.279,1.26,2627400,3339558
447,sz159316,港股通创新药ETF易方达,1.006,0.033,3.392,1.006,1.007,0.973,0.983,1.013,0.97,1129244501,1124796015
448,sz159315,黄金股ETF工银,1.476,0.085,6.111,1.476,1.477,1.391,1.421,1.505,1.406,19622500,28639583
449,sz159312,恒指港股通ETF广发,1.148,0.016,1.413,1.148,1.15,1.132,1.142,1.155,1.142,4524800,5199887
450,sz159311,数字经济ETF易方达,1.482,0.009,0.611,1.484,1.488,1.473,1.487,1.533,1.482,811801,1230299
451,sz159310,芯片ETF天弘,2.879,-0.018,-0.621,2.879,2.881,2.897,3.0,3.031,2.87,8104300,23905669
452,sz159309,油气ETF汇添富,1.356,0.034,2.572,1.356,1.357,1.322,1.315,1.37,1.315,38152900,51750087
453,sz159307,红利低波100ETF博时,1.032,0.008,0.781,1.032,1.033,1.024,1.025,1.032,1.019,123873087,126971167
454,sz159306,汽车零部件ETF平安,1.3,0.004,0.309,1.299,1.3,1.296,1.295,1.326,1.295,999800,1308989
455,sz159305,储能电池ETF广发,0.948,0.017,1.826,0.947,0.948,0.931,0.94,0.966,0.939,82060200,78014226
456,sz159303,恒生医疗ETF大成,1.325,0.042,3.274,1.322,1.325,1.283,1.293,1.33,1.286,16321000,21425442
457,sz159302,港股高股息ETF银华,1.304,0.014,1.085,1.304,1.307,1.29,1.288,1.31,1.288,6408100,8367773
458,sz159301,公用事业ETF华夏,1.035,0.014,1.371,1.035,1.036,1.021,1.02,1.038,1.011,26778000,27513237
459,sz159300,沪深300ETF富国,5.133,0.073,1.443,5.133,5.135,5.06,5.104,5.163,5.102,10483800,53800593
460,sz159299,金融科技ETF易方达,0.699,0.03,4.484,0.698,0.699,0.669,0.675,0.706,0.675,32406601,22477630
461,sz159298,创业板50ETF大成,1.373,0.01,0.734,1.372,1.373,1.363,1.387,1.404,1.368,3086400,4276726
462,sz159297,港股通创新药ETF南方,0.635,0.024,3.928,0.634,0.635,0.611,0.616,0.637,0.61,507591332,317459118
463,sz159296,A500红利低波ETF华宝,0.982,0.003,0.306,0.982,0.983,0.979,0.979,0.988,0.97,3045714,2978874
464,sz159295,创业综指ETF西部利得,1.217,0.0,0.0,1.205,1.217,1.217,1.229,1.245,1.204,4781311,5842494
465,sz159293,创业板综增强ETF建信,1.128,0.014,1.257,1.123,1.133,1.114,1.125,1.143,1.125,5346500,6082367
466,sz159292,创业板综增强ETF华宝,1.243,0.016,1.304,1.241,1.255,1.227,1.239,1.256,1.239,1608500,2006277
467,sz159291,创业板综增强ETF招商,1.272,0.012,0.952,1.267,1.277,1.26,1.272,1.289,1.269,2072100,2659184
468,sz159290,创业板综指增强ETF东财,1.288,0.014,1.099,1.287,1.288,1.274,1.305,1.306,1.285,2752204,3573809
469,sz159289,创业板综指ETF鹏华,1.185,0.012,1.023,1.185,1.195,1.173,1.189,1.207,1.185,759709,908306
470,sz159288,创业板综ETF银华,1.08,0.005,0.465,1.08,1.09,1.075,1.085,1.099,1.08,1898100,2075625
471,sz159287,创业板综ETF博时,1.217,0.01,0.829,1.215,1.217,1.207,1.219,1.243,1.215,4867900,5984979
472,sz159286,港股通创新药ETF鹏华,0.65,0.022,3.503,0.649,0.65,0.628,0.631,0.653,0.629,99139791,63781239
473,sz159285,港股通消费ETF华安,0.817,0.014,1.743,0.817,0.818,0.803,0.8,0.821,0.8,21988725,17941320
474,sz159283,通用航空ETF南方,0.987,0.032,3.351,0.985,0.987,0.955,0.965,1.004,0.951,18071700,17895254
475,sz159281,港股央企红利ETF天弘,0.958,0.014,1.483,0.957,0.958,0.944,0.943,0.962,0.943,45736300,43822339
476,sz159280,港股通互联网ETF汇添富,0.706,0.005,0.713,0.706,0.707,0.701,0.711,0.716,0.705,9555000,6789731
477,sz159279,创业板人工智能ETF华安,1.519,-0.004,-0.263,1.518,1.519,1.523,1.569,1.571,1.509,39183505,60159310
478,sz159278,机器人ETF鹏华,1.077,-0.01,-0.92,1.076,1.077,1.087,1.1,1.13,1.071,167292301,183242959
479,sz159277,港股通红利ETF富国,0.978,0.01,1.033,0.974,0.979,0.968,0.971,0.982,0.969,6750301,6606183
480,sz159276,现金流ETF汇添富,1.097,0.014,1.293,1.094,1.099,1.083,1.085,1.105,1.084,3412800,3716714
481,sz159275,农牧渔ETF华宝,0.806,0.012,1.511,0.803,0.806,0.794,0.795,0.809,0.785,10134400,8107618
482,sz159273,云计算ETF汇添富,1.404,0.003,0.214,1.403,1.404,1.401,1.426,1.43,1.398,15186400,21437300
483,sz159272,机器人ETF富国,0.915,-0.007,-0.759,0.915,0.916,0.922,0.931,0.961,0.911,190103461,176852164
484,sz159271,恒生ETF鹏华,0.939,0.011,1.185,0.938,0.939,0.928,0.954,0.954,0.928,10018209,9414694
485,sz159270,创业板200ETF南方,1.201,0.007,0.586,1.194,1.2,1.194,1.188,1.222,1.188,10405000,12606760
486,sz159269,港股通科技ETF南方,0.846,0.011,1.317,0.845,0.846,0.835,0.839,0.853,0.839,103682904,87990537
487,sz159268,港股通消费ETF汇添富,0.823,0.018,2.236,0.82,0.823,0.805,0.809,0.824,0.807,30471400,24932002
488,sz159267,航天ETF华安,0.983,0.043,4.574,0.983,0.984,0.94,0.955,0.999,0.952,238351521,234016954
489,sz159266,港股央企红利ETF永赢,0.974,0.014,1.458,0.973,0.974,0.96,0.965,0.978,0.965,21379400,20806499
490,sz159265,港股消费ETF鹏华,0.851,0.018,2.161,0.85,0.851,0.833,0.845,0.854,0.837,17807004,15086769
491,sz159263,价值ETF易方达,1.143,0.007,0.616,1.142,1.143,1.136,1.136,1.144,1.128,179547137,204236612
492,sz159262,港股通科技ETF广发,0.873,0.007,0.808,0.872,0.873,0.866,0.882,0.89,0.872,642772200,567154018
493,sz159261,创业板新能源ETF鹏华,1.641,0.02,1.234,1.64,1.645,1.621,1.629,1.945,1.626,5573100,9227320
494,sz159260,证券ETF博时,0.822,0.026,3.266,0.821,0.822,0.796,0.798,0.826,0.793,15129703,12325771
495,sz159259,成长ETF易方达,1.521,0.021,1.4,1.521,1.522,1.5,1.539,1.567,1.52,270380373,415884404
496,sz159258,机器人ETF南方,1.212,-0.012,-0.98,1.212,1.213,1.224,1.235,1.267,1.208,24783603,30685899
497,sz159257,航空ETF汇添富,1.001,0.053,5.591,1.001,1.002,0.948,0.965,1.006,0.954,11511200,11387690
498,sz159256,创业板软件ETF华夏,0.828,0.013,1.595,0.827,0.828,0.815,0.823,0.842,0.82,71293904,59218314
499,sz159255,通用航空ETF易方达,0.991,0.048,5.09,0.991,0.995,0.943,0.957,1.0,0.954,11847601,11693972
500,sz159253,银行ETF博时,0.968,0.013,1.361,0.967,0.968,0.955,0.947,0.97,0.926,9446457,9036408
501,sz159251,港股通科技ETF万家,0.748,0.011,1.493,0.748,0.749,0.737,0.744,0.754,0.744,29649768,22239775
502,sz159249,A500增强ETF工银,1.368,0.019,1.408,1.366,1.368,1.349,1.355,1.377,1.355,10704100,14639868
503,sz159248,人工智能ETF万家,1.828,-0.002,-0.109,1.827,1.828,1.83,1.875,1.889,1.818,11320606,20939962
504,sz159247,创业板ETF汇添富,1.153,0.005,0.436,1.152,1.153,1.148,1.172,1.2,1.15,19468550,22681225
505,sz159246,创业板人工智能ETF富国,1.257,-0.007,-0.554,1.257,1.258,1.264,1.296,1.304,1.253,94915900,121113140
506,sz159245,港股通消费ETF富国,0.829,0.015,1.843,0.827,0.828,0.814,0.816,0.832,0.815,4753600,3926228
507,sz159243,创业板人工智能ETF招商,1.356,-0.008,-0.587,1.356,1.357,1.364,1.398,1.403,1.35,42692200,58761784
508,sz159242,创业板人工智能ETF大成,2.255,-0.01,-0.442,2.255,2.256,2.265,2.316,2.332,2.244,78158301,178338890
509,sz159241,航空航天ETF天弘,1.179,0.052,4.614,1.179,1.18,1.127,1.139,1.199,1.139,141030601,166296189
510,sz159240,A500增强ETF天弘,1.327,0.01,0.759,1.322,1.332,1.317,1.32,1.338,1.317,419400,558782
511,sz159239,港股通汽车ETF富国,0.863,0.023,2.738,0.861,0.863,0.84,0.844,0.867,0.844,16027200,13763931
512,sz159238,沪深300增强ETF景顺,1.332,0.016,1.216,1.333,1.335,1.316,1.32,1.341,1.316,5595300,7466001
513,sz159237,港股汽车ETF工银,0.954,0.025,2.691,0.953,0.954,0.929,0.936,0.96,0.936,18203200,17316079
514,sz159236,自由现金流ETF工银,1.191,0.01,0.847,1.191,1.196,1.181,1.178,1.203,1.178,5546426,6618765
515,sz159235,中证现金流ETF大成,1.225,0.01,0.823,1.225,1.226,1.215,1.214,1.235,1.211,72669100,89016113
516,sz159233,自由现金流ETF平安,1.187,0.012,1.021,1.184,1.187,1.175,1.177,1.197,1.176,32953400,39119840
517,sz159232,自由现金流ETF南方,1.203,0.014,1.177,1.203,1.204,1.189,1.187,1.212,1.185,168362419,202567238
518,sz159231,通用航空ETF华宝,0.572,0.022,4.0,0.572,0.573,0.55,0.551,0.582,0.55,17423700,9934635
519,sz159230,通用航空ETF华夏,1.096,0.045,4.282,1.096,1.097,1.051,1.053,1.117,1.052,27179200,29726325
520,sz159229,自由现金流ETF广发,1.188,0.009,0.763,1.188,1.19,1.179,1.183,1.201,1.169,12276000,14582450
521,sz159228,红利低波ETF长城,1.028,0.009,0.883,1.025,1.028,1.019,1.016,1.028,1.013,178200,182544
522,sz159227,航空航天ETF华夏,1.148,0.049,4.459,1.148,1.149,1.099,1.116,1.171,1.116,619507736,713237188
523,sz159226,中证A500增强ETF国泰,1.29,0.018,1.415,1.289,1.29,1.272,1.278,1.302,1.278,11228500,14501794
524,sz159225,现金流ETF银华,1.232,0.016,1.316,1.232,1.237,1.216,1.218,1.252,1.215,6570700,8074306
525,sz159223,现金流ETF永赢,1.138,0.013,1.156,1.136,1.142,1.125,1.126,1.15,1.125,19419100,22173235
526,sz159222,自由现金流ETF易方达,1.254,0.018,1.456,1.253,1.254,1.236,1.239,1.264,1.236,49116200,61392364
527,sz159221,现金流ETF嘉实,1.17,0.017,1.474,1.168,1.17,1.153,1.153,1.178,1.152,27790400,32305896
528,sz159220,港股通红利低波ETF华宝,0.586,0.005,0.861,0.585,0.586,0.581,0.585,0.589,0.583,27272800,16006422
529,sz159219,深证100ETF融通,1.465,0.014,0.965,1.452,1.467,1.451,1.465,1.481,1.464,1892900,2784740
530,sz159218,卫星ETF招商,1.622,0.012,0.745,1.622,1.623,1.61,1.642,1.672,1.616,134039900,221196844
531,sz159217,港股通创新药ETF工银,1.024,0.036,3.644,1.023,1.024,0.988,0.997,1.033,0.987,880413900,894382624
532,sz159216,深证100ETF大成,1.58,0.014,0.894,1.574,1.586,1.566,1.589,1.599,1.58,1794500,2853872
533,sz159215,A500ETF平安,1.341,0.014,1.055,1.342,1.343,1.327,1.337,1.354,1.337,7029400,9460966
534,sz159213,机器人ETF汇添富,1.301,-0.013,-0.989,1.301,1.303,1.314,1.335,1.359,1.296,30385562,40377968
535,sz159212,深100ETF南方,1.567,0.015,0.966,1.568,1.573,1.552,1.581,1.584,1.566,18503700,29138754
536,sz159211,深证100ETF富国,1.539,0.012,0.786,1.533,1.545,1.527,1.542,1.559,1.539,1342100,2077983
537,sz159210,港股通汽车ETF汇添富,0.919,0.023,2.567,0.919,0.92,0.896,0.906,0.925,0.902,26041000,23961251
538,sz159209,红利质量ETF招商,1.118,0.016,1.452,1.118,1.119,1.102,1.106,1.124,1.101,76641500,85442898
539,sz159208,航空航天ETF万家,1.193,0.054,4.741,1.193,1.194,1.139,1.151,1.217,1.151,54149100,64821381
540,sz159207,高股息ETF广发,1.155,0.009,0.785,1.154,1.155,1.146,1.145,1.156,1.14,80679164,92842773
541,sz159206,卫星ETF永赢,1.616,0.014,0.874,1.615,1.616,1.602,1.637,1.673,1.611,578966623,951224280
542,sz159205,创业板ETF东财,1.879,-0.007,-0.371,1.879,1.88,1.886,1.917,1.921,1.873,34059000,64674328
543,sz159203,大盘成长ETF博时,1.42,0.003,0.212,1.415,1.428,1.417,1.422,1.428,1.42,319200,454505
544,sz159202,恒生互联网ETF万家,0.826,0.008,0.978,0.825,0.826,0.818,0.828,0.835,0.823,107403500,88999225
545,sz159201,自由现金流ETF华夏,1.178,0.016,1.377,1.178,1.179,1.162,1.167,1.19,1.162,248920700,292787039
546,sz159200,科创债ETF富国,101.648,0.061,0.06,101.631,101.648,101.587,101.629,101.66,101.585,25816800,2623609624
547,sz159199,石油ETF平安,0.876,0.011,1.272,0.876,0.878,0.865,0.865,0.885,0.797,2682423,2350571
548,sz159198,港股通信息技术ETF富国,1.308,0.007,0.538,1.307,1.308,1.301,1.349,1.373,1.308,161325700,216620777
549,sz159197,石油ETF招商,0.885,0.014,1.607,0.884,0.885,0.871,0.859,0.894,0.859,13306102,11818277
550,sz159196,港股通信息技术ETF易方达,1.305,0.005,0.385,1.304,1.305,1.3,1.349,1.37,1.303,369027420,494069407
551,sz159195,石油ETF华安,0.887,0.015,1.72,0.885,0.888,0.872,0.865,0.897,0.865,21725609,19319455
552,sz159193,新能源电池ETF银华,0.925,0.017,1.872,0.924,0.925,0.908,0.908,0.942,0.908,15243041,14166601
553,sz159192,家电ETF汇添富,0.986,-0.006,-0.605,0.983,0.991,0.992,0.99,1.001,0.986,5957002,5904449
554,sz159191,港股通科技ETF易方达,0.894,0.013,1.476,0.891,0.896,0.881,0.888,0.9,0.888,5654604,5060620
555,sz159190,创业板新能源ETF天弘,1.0,0.012,1.215,1.0,1.004,0.988,0.997,1.02,0.988,14354401,14472160
556,sz159189,石油ETF华夏,0.865,0.014,1.645,0.865,0.866,0.851,0.846,0.874,0.837,16115204,13981622
557,sz159188,红利100ETF景顺,0.948,0.015,1.608,0.947,0.948,0.933,0.937,0.95,0.931,1110662,1048009
558,sz159187,创业板新能源ETF景顺,1.007,0.013,1.308,1.007,1.008,0.994,1.001,1.026,1.001,6583112,6678226
559,sz159186,港股通汽车ETF鹏华,0.821,0.021,2.625,0.821,0.824,0.8,0.809,0.827,0.805,4453910,3646036
560,sz159185,港股通信息技术ETF鹏华,1.162,0.002,0.172,1.161,1.162,1.16,1.2,1.221,1.162,209284820,249708231
561,sz159183,新能源车ETF招商,1.004,0.013,1.312,1.002,1.004,0.991,0.991,1.017,0.987,8809846,8850348
562,sz159182,家电ETF南方,0.954,-0.002,-0.209,0.954,0.957,0.956,0.96,0.964,0.954,479300,458586
563,sz159181,石油ETF易方达,0.86,0.011,1.296,0.86,0.861,0.849,0.835,0.871,0.835,12965304,11160154
564,sz159180,软件ETF银华,1.134,0.018,1.613,1.134,1.137,1.116,1.118,1.17,1.118,7355104,8468051
565,sz159179,港股通互联网ETF工银,0.857,0.007,0.824,0.857,0.858,0.85,0.863,0.875,0.855,19220016,16523927
566,sz159178,消费电子ETF汇添富,1.14,-0.003,-0.262,1.139,1.14,1.143,1.18,1.185,1.137,9060257,10555283
567,sz159177,工程机械ETF鹏华,1.009,0.013,1.305,1.007,1.009,0.996,0.998,1.022,0.996,12339219,12501780
568,sz159176,家电ETF华宝,1.014,-0.005,-0.491,1.013,1.024,1.019,1.025,1.026,1.014,13892800,14173134
569,sz159175,电池ETF易方达,1.078,0.025,2.374,1.078,1.079,1.053,1.057,1.096,1.057,35268736,37988681
570,sz159173,农牧ETF南方,0.832,0.011,1.34,0.832,0.833,0.821,0.815,0.835,0.813,10815221,8972274
571,sz159172,养殖ETF汇添富,0.787,0.01,1.287,0.787,0.788,0.777,0.779,0.79,0.769,18424838,14391966
572,sz159171,工业有色ETF博时,0.843,0.037,4.591,0.842,0.843,0.806,0.824,0.864,0.82,13384323,11327002
573,sz159170,港股通互联网ETF永赢,0.856,0.005,0.588,0.856,0.858,0.851,0.867,0.87,0.856,43663310,37665645
574,sz159169,恒生生物科技ETF广发,0.794,0.026,3.385,0.795,0.796,0.768,0.776,0.798,0.77,10665908,8406799
575,sz159168,有色ETF富国,0.925,0.049,5.594,0.925,0.927,0.876,0.912,0.94,0.89,51214107,47085081
576,sz159167,港股通医疗ETF工银,0.751,0.018,2.456,0.75,0.751,0.733,0.74,0.754,0.735,32184900,24074832
577,sz159166,现金流ETF长城,0.85,0.012,1.432,0.85,0.851,0.838,0.84,0.857,0.84,3795420,3233454
578,sz159165,养殖ETF永赢,0.82,0.011,1.36,0.82,0.821,0.809,0.809,0.822,0.8,8921105,7239981
579,sz159163,有色ETF泰康,0.785,0.039,5.228,0.784,0.785,0.746,0.758,0.801,0.75,14072926,11027593
580,sz159162,工业有色ETF鹏华,0.875,0.044,5.295,0.874,0.875,0.831,0.845,0.89,0.845,31679712,27633985
581,sz159160,电池ETF东财,1.017,0.035,3.564,1.016,1.017,0.982,0.988,1.024,0.988,17470601,17584839
582,sz159159,公用事业ETF国投瑞银,1.077,0.016,1.508,1.077,1.078,1.061,1.061,1.084,1.06,5439805,5841656
583,sz159158,电力ETF景顺,1.091,0.009,0.832,1.09,1.091,1.082,1.077,1.099,1.072,30171221,32833061
584,sz159157,有色金属ETF天弘,0.885,0.044,5.232,0.884,0.885,0.841,0.863,0.905,0.854,244082597,215835481
585,sz159156,电池ETF万家,1.014,0.024,2.424,1.014,1.015,0.99,0.996,1.025,0.994,7422237,7515061
586,sz159155,电池ETF大成,1.018,0.028,2.828,1.015,1.018,0.99,1.0,1.033,0.999,24459803,24911099
587,sz159153,消费电子ETF鹏华,1.3,-0.001,-0.077,1.3,1.302,1.301,1.342,1.353,1.297,16000406,21379512
588,sz159152,港股通科技ETF平安,0.779,0.008,1.038,0.778,0.779,0.771,0.784,0.791,0.777,90196260,70679693
589,sz159151,食品ETF华夏,0.904,0.008,0.893,0.903,0.904,0.896,0.896,0.907,0.887,11087100,9960706
590,sz159150,深证50ETF易方达,1.704,0.012,0.709,1.702,1.705,1.692,1.697,1.731,1.697,5702500,9767326
591,sz159149,创业板新能源ETF工银,1.009,0.014,1.407,1.007,1.009,0.995,1.0,1.029,0.995,8534800,8651131
592,sz159148,石油ETF富国,0.965,0.014,1.472,0.964,0.965,0.951,0.946,0.976,0.941,17407183,16827006
593,sz159147,电池ETF南方,1.02,0.024,2.41,1.02,1.022,0.996,1.0,1.037,1.0,25514500,26030497
594,sz159146,电力ETF华宝,1.101,0.009,0.824,1.1,1.101,1.092,1.1,1.109,1.082,33709600,36955628
595,sz159145,工业软件ETF广发,0.922,0.018,1.991,0.921,0.925,0.904,0.917,0.952,0.915,7516105,7033477
596,sz159143,港股通央企红利ETF平安,0.979,0.014,1.451,0.974,0.978,0.965,0.971,0.983,0.971,3067700,3004841
597,sz159142,科创创业人工智能ETF景顺,1.283,-0.005,-0.388,1.283,1.284,1.288,1.322,1.332,1.277,45306100,59181553
598,sz159141,科创创业人工智能ETF永赢,1.263,-0.006,-0.473,1.263,1.264,1.269,1.297,1.312,1.258,31772701,40814511
599,sz159140,科创创业人工智能ETF易方达,1.334,-0.005,-0.373,1.334,1.336,1.339,1.371,1.386,1.329,40807721,55474105
600,sz159139,科创创业人工智能ETF华泰柏瑞,1.333,0.0,0.0,1.331,1.333,1.333,1.368,1.381,1.325,33341400,45194661
601,sz159138,工程机械ETF易方达,0.97,0.003,0.31,0.97,0.973,0.967,0.967,0.983,0.964,11823200,11518235
602,sz159137,港股通医疗ETF华宝,0.763,0.017,2.279,0.763,0.764,0.746,0.748,0.767,0.747,33539601,25491542
603,sz159136,A50ETF广发,1.037,0.02,1.967,1.036,1.039,1.017,1.017,1.045,1.017,861003,893590
604,sz159135,港股通科技ETF前海开源,0.804,0.008,1.005,0.803,0.804,0.796,0.802,0.818,0.802,20841953,16936708
605,sz159133,化工ETF天弘,1.137,0.038,3.458,1.137,1.138,1.099,1.1,1.146,1.091,53983900,60563994
606,sz159132,恒生生物科技ETF富国,0.774,0.024,3.2,0.774,0.775,0.75,0.755,0.778,0.75,14262006,10895509
607,sz159131,港股通信息技术ETF华宝,1.02,0.001,0.098,1.019,1.02,1.019,1.06,1.072,1.02,1607659201,1682720238
608,sz159130,恒生生物科技ETF鹏华,0.749,0.021,2.885,0.749,0.75,0.728,0.733,0.754,0.73,14915268,11104418
609,sz159129,化工ETF嘉实,1.107,0.039,3.652,1.106,1.107,1.068,1.073,1.114,1.062,42249907,46033682
610,sz159128,港股科技ETF天弘,0.706,0.01,1.437,0.705,0.706,0.696,0.7,0.711,0.7,202162215,142956771
611,sz159127,港股通红利ETF南方,0.948,0.009,0.958,0.948,0.949,0.939,0.939,0.953,0.939,18234393,17322041
612,sz159126,港股通50ETF南方,0.912,0.015,1.672,0.912,0.913,0.897,0.905,0.917,0.905,9597803,8773547
613,sz159125,港股通科技ETF招商,0.7,0.01,1.449,0.697,0.7,0.69,0.695,0.705,0.695,73465146,51469522
614,sz159123,光伏ETF嘉实,1.053,-0.004,-0.378,1.053,1.054,1.057,1.063,1.082,1.051,11036000,11828330
615,sz159122,创业板新能源ETF富国,1.055,0.015,1.442,1.055,1.057,1.04,1.047,1.075,1.047,4557408,4842578
616,sz159121,港股通汽车ETF易方达,0.82,0.021,2.628,0.817,0.819,0.799,0.805,0.826,0.805,13751104,11215392
617,sz159120,港股通科技ETF国联安,0.754,0.005,0.668,0.754,0.755,0.749,0.766,0.768,0.754,33274137,25350553
618,sz159119,800现金流ETF招商,0.981,0.006,0.615,0.982,0.985,0.975,0.98,0.99,0.972,3517900,3451678
619,sz159118,港股通红利低波ETF华夏,0.964,0.007,0.731,0.961,0.964,0.957,0.958,0.968,0.958,2930758,2830939
620,sz159117,港股通红利低波ETF鹏华,1.014,0.009,0.896,1.011,1.017,1.005,1.01,1.017,1.009,809400,820534
621,sz159116,科创债ETF工银,101.895,0.003,0.003,101.878,101.895,101.892,101.892,101.916,101.844,23830600,2428243860
622,sz159115,科创债ETF华安,101.706,0.026,0.026,101.688,101.706,101.68,101.744,101.744,101.653,16675000,1695678581
623,sz159113,科创债ETF大成,101.643,0.013,0.013,101.635,101.645,101.63,101.64,101.65,101.62,4768900,484685822
624,sz159112,科创债ETF银华,101.712,0.042,0.041,101.696,101.712,101.67,101.662,101.736,101.662,25076900,2550190347
625,sz159111,科创债ETF天弘,101.83,0.006,0.006,101.825,101.83,101.824,101.877,101.877,101.816,40551900,4128995237
626,sz159110,科创债ETF万家,101.88,0.017,0.017,101.869,101.879,101.863,101.898,101.91,101.86,4209310,428807967
627,sz159109,恒生50ETF景顺,0.81,0.009,1.124,0.81,0.811,0.801,0.806,0.816,0.806,39037900,31678743
628,sz159108,工业软件ETF博时,1.061,0.016,1.531,1.06,1.061,1.045,1.052,1.098,1.052,10151614,10873904
629,sz159107,创业板软件ETF富国,0.75,0.014,1.902,0.749,0.75,0.736,0.746,0.763,0.743,70937800,53356298
630,sz159106,民企300ETF前海开源,1.14,0.011,0.974,1.144,1.146,1.129,1.145,1.155,1.14,580901,667817
631,sz159105,恒生生物科技ETF易方达,0.749,0.022,3.026,0.749,0.75,0.727,0.731,0.756,0.726,185843200,137970150
632,sz159103,金融科技ETF汇添富,0.664,0.024,3.75,0.664,0.665,0.64,0.645,0.672,0.644,13767807,9052205
633,sz159102,港股通生物科技ETF华安,0.664,0.021,3.266,0.663,0.664,0.643,0.65,0.667,0.644,54055540,35566813
634,sz159101,港股通科技ETF华夏,0.719,0.009,1.268,0.719,0.72,0.71,0.721,0.726,0.713,356110629,257051891
635,sz159100,巴西ETF华夏,1.083,0.03,2.849,1.082,1.083,1.053,1.078,1.091,1.077,42430139,45989051
636,sz159060,粮食ETF浦银,1.01,0.013,1.304,1.01,1.011,0.997,0.992,1.015,0.984,34496655,34670177
637,sz159056,医疗器械ETF富国,0.99,0.014,1.434,0.99,0.995,0.976,0.97,0.995,0.97,14492386,14336072
638,sz159055,稀有金属ETF富国,1.07,0.036,3.482,1.068,1.07,1.034,1.052,1.09,1.047,73611166,78327544
639,sz159053,稀有金属ETF华夏,1.054,0.042,4.15,1.054,1.055,1.012,1.033,1.07,1.028,54141549,56539484
640,sz159052,新能源电池ETF嘉实,0.977,0.015,1.559,0.977,0.98,0.962,0.971,0.996,0.963,13774568,13538718
641,sz159051,医疗器械ETF易方达,0.992,0.015,1.535,0.985,0.992,0.977,0.948,0.993,0.948,8689734,8588395
642,sz159050,机器人ETF广发,0.971,-0.008,-0.817,0.971,0.973,0.979,0.988,1.018,0.966,24249989,23902297
643,sz159048,机器人ETF大成,0.98,-0.009,-0.91,0.98,0.982,0.989,0.997,1.031,0.978,24191538,24177174
644,sz159046,绿电ETF天弘,0.991,0.007,0.711,0.99,0.991,0.984,0.985,0.999,0.978,31452299,31158184
645,sz159042,价值ETF汇添富,0.99,0.003,0.304,0.989,0.99,0.987,0.988,0.994,0.978,3459536,3428000
646,sz159041,农业ETF鹏华,0.979,0.022,2.299,0.979,0.98,0.957,0.957,0.987,0.952,6059900,5868615
647,sz159038,粮食ETF易方达,0.912,0.011,1.221,0.912,0.913,0.901,0.9,0.919,0.89,10667356,9673000
648,sz159037,价值ETF鹏华,0.989,0.003,0.304,0.989,0.99,0.986,0.971,0.993,0.971,26481592,26189683
649,sz159036,软件开发ETF华宝,0.96,0.018,1.911,0.959,0.96,0.942,0.949,0.973,0.947,19899686,19111347
650,sz159035,软件ETF天弘,0.823,0.012,1.48,0.822,0.823,0.811,0.816,0.835,0.815,10202130,8428235
651,sz159033,粮食ETF国泰,0.975,0.01,1.036,0.974,0.975,0.965,0.965,0.983,0.95,26418069,25646573
652,sz159032,工业有色ETF易方达,0.939,0.05,5.624,0.938,0.939,0.889,0.903,0.953,0.903,30283047,28306931
653,sz159031,粮食ETF博时,0.958,0.015,1.591,0.958,0.961,0.943,0.942,0.964,0.931,9343924,8895453
654,sz159030,粮食ETF华夏,0.854,0.008,0.946,0.854,0.855,0.846,0.846,0.861,0.832,11284007,9598254
655,sz159029,有色ETF广发,0.948,0.05,5.568,0.948,0.949,0.898,0.905,0.962,0.905,27860653,26280961
656,sz159028,港股汽车ETF天弘,0.85,0.026,3.155,0.85,0.851,0.824,0.832,0.853,0.831,10169820,8555184
657,sz159027,畜牧养殖ETF大成,0.858,0.012,1.418,0.855,0.86,0.846,0.846,0.86,0.839,7656503,6538904
658,sz159026,石油ETF南方,0.906,0.015,1.684,0.903,0.906,0.891,0.875,0.916,0.862,5561025,5043079
659,sz159022,科创创业人工智能ETF富国,1.069,-0.005,-0.466,1.069,1.07,1.074,1.1,1.105,1.065,10414815,11262902
660,sz159021,大盘价值ETF华夏,0.983,0.007,0.717,0.983,0.986,0.976,0.972,0.986,0.97,7554604,7412045
661,sz159020,养殖ETF易方达,0.859,0.012,1.417,0.859,0.86,0.847,0.848,0.86,0.837,6522003,5558732
662,sz159019,石油ETF华宝,0.909,0.01,1.112,0.907,0.916,0.899,0.884,0.918,0.884,21201908,19291895
663,sz159018,石油ETF广发,0.897,0.016,1.816,0.891,0.897,0.881,0.867,0.902,0.867,5987010,5349054
664,sz159017,石油ETF工银,0.901,0.015,1.693,0.9,0.901,0.886,0.886,0.909,0.868,4175706,3754529
665,sz159016,证券ETF广发,0.974,0.031,3.287,0.973,0.974,0.943,0.936,0.974,0.936,18860853,18138330
666,sz159015,恒生港股通科技ETF国联,0.913,0.007,0.773,0.91,0.913,0.906,0.92,0.929,0.913,7918130,7306087
667,sz159013,工业互联网ETF大成,1.052,0.002,0.19,1.051,1.052,1.05,1.058,1.075,1.051,2170740,2308324
668,sz159012,科创创业50ETF鹏华,1.015,-0.001,-0.098,1.014,1.015,1.016,1.04,1.044,1.012,8666723,8900173
669,sz159010,港股通科技ETF博时,0.924,0.006,0.654,0.923,0.924,0.918,0.925,0.939,0.924,14474001,13491767
670,sz159009,创业板新能源ETF易方达,1.033,0.014,1.374,1.032,1.033,1.019,1.024,1.049,1.021,5077818,5278876
671,sz159008,证券ETF景顺,0.974,0.032,3.397,0.973,0.974,0.942,0.941,0.977,0.939,12607051,12137605
672,sz159007,养殖ETF华泰柏瑞,0.831,0.013,1.589,0.83,0.831,0.818,0.813,0.833,0.811,21794778,17997191
673,sz159005,快钱ETF汇添富,100.0,0.0,0.0,99.95,100.0,100.0,100.0,100.001,99.999,216400,21639970
674,sz159003,招商快线ETF,100.0,-0.001,-0.001,100.0,100.001,100.001,99.999,100.001,99.999,662914,66291367
675,sz159001,货币ETF易方达,99.999,-0.001,-0.001,99.998,99.999,100.0,100.0,100.0,99.998,5050113,505008640
676,sh589990,科创综指ETF华泰柏瑞,1.682,-0.008,-0.473,1.679,1.682,1.69,1.728,1.738,1.677,5128000,8802732
677,sh589980,科创100ETF汇添富,1.837,-0.014,-0.756,1.836,1.837,1.851,1.883,1.902,1.832,3069900,5713127
678,sh589960,科创新能源ETF易方达,1.036,0.015,1.469,1.035,1.036,1.021,1.037,1.059,1.025,37205300,38836267
679,sh589950,科创100ETF富国,1.33,-0.004,-0.3,1.329,1.331,1.334,1.347,1.376,1.325,4053300,5479082
680,sh589900,科创综指ETF博时,1.632,-0.001,-0.061,1.629,1.632,1.633,1.652,1.682,1.622,13240435,21993153
681,sh589890,科创综指ETF景顺,1.608,-0.005,-0.31,1.609,1.612,1.613,1.645,1.663,1.603,5912400,9684299
682,sh589880,科创综指ETF建信,1.613,-0.004,-0.247,1.613,1.614,1.617,1.633,1.666,1.608,13347913,21784744
683,sh589860,科创综指ETF天弘,1.615,-0.005,-0.309,1.615,1.617,1.62,1.652,1.669,1.61,15352100,25289690
684,sh589850,科创50ETF东财,1.6,0.001,0.063,1.6,1.601,1.599,1.65,1.661,1.592,55900400,91147847
685,sh589820,科创200ETF建信,1.358,-0.007,-0.513,1.354,1.372,1.365,1.378,1.41,1.353,10705500,14916959
686,sh589800,科创综指ETF易方达,1.63,-0.004,-0.245,1.628,1.629,1.634,1.675,1.681,1.621,52143779,86505494
687,sh589780,科创200ETF富国,1.33,-0.007,-0.524,1.326,1.331,1.337,1.35,1.376,1.319,1811800,2450361
688,sh589770,科创综指ETF招商,1.636,-0.002,-0.122,1.633,1.637,1.638,1.643,1.691,1.628,11364000,18974415
689,sh589720,科创创新药ETF国泰,0.778,0.03,4.011,0.777,0.778,0.748,0.753,0.78,0.746,230037782,176289666
690,sh589700,科创成长ETF南方,2.305,0.0,0.0,2.31,2.33,2.305,2.351,2.396,2.3,1355200,3197310
691,sh589680,科创综指ETF鹏华,1.59,-0.002,-0.126,1.589,1.59,1.592,1.632,1.638,1.58,68722500,110961393
692,sh589660,科创综指ETF南方,1.634,0.001,0.061,1.632,1.634,1.633,1.649,1.686,1.627,21341400,35600751
693,sh589630,科创综指ETF国泰,1.634,-0.004,-0.244,1.634,1.639,1.638,1.654,1.686,1.628,14560930,24187471
694,sh589600,科创综指ETF富国,1.616,-0.003,-0.185,1.616,1.62,1.619,1.654,1.672,1.612,7028500,11557583
695,sh589580,科创综指ETF兴银,1.615,-0.001,-0.062,1.614,1.615,1.616,1.643,1.668,1.615,553300,916044
696,sh589560,科创人工智能ETF汇添富,1.018,-0.001,-0.098,1.02,1.024,1.019,1.031,1.051,1.012,9569500,9893883
697,sh589550,科创价值ETF华夏,1.288,0.016,1.258,1.287,1.288,1.272,1.261,1.315,1.261,1663100,2170617
698,sh589520,科创人工智能ETF华宝,0.642,-0.001,-0.156,0.641,0.644,0.643,0.658,0.664,0.637,54131800,35260403
699,sh589500,科创综指ETF工银,1.636,-0.005,-0.305,1.635,1.639,1.641,1.674,1.693,1.631,7174200,11979272
700,sh589380,科创人工智能ETF富国,1.51,-0.006,-0.396,1.513,1.514,1.516,1.548,1.561,1.502,4051400,6206020
701,sh589330,科创200ETF东财,0.943,-0.003,-0.317,0.943,0.947,0.946,0.961,0.974,0.941,6647100,6388794
702,sh589320,科创200ETF嘉实,0.933,-0.004,-0.427,0.932,0.933,0.937,0.948,0.966,0.926,20750700,19807131
703,sh589300,科创综指ETF嘉实,1.771,0.0,0.0,1.767,1.775,1.771,1.776,1.828,1.766,3490600,6295668
704,sh589280,科创增强ETF华宝,0.943,-0.002,-0.212,0.943,0.947,0.945,0.958,0.969,0.941,9797500,9366566
705,sh589270,科创100ETF前海开源,1.124,0.0,0.0,1.123,1.13,1.124,1.134,1.167,1.124,3303900,3812373
706,sh589260,科创芯片设计ETF国泰,1.308,-0.009,-0.683,1.307,1.309,1.317,1.357,1.367,1.303,14289200,19124995
707,sh589250,科创芯片设计ETF浦银,1.304,-0.008,-0.61,1.302,1.304,1.312,1.352,1.36,1.298,7797300,10440582
708,sh589230,科创人工智能ETF南方,0.918,-0.003,-0.326,0.918,0.92,0.921,0.924,0.947,0.912,26894400,25062445
709,sh589220,科创200ETF国泰,1.105,-0.002,-0.181,1.103,1.11,1.107,1.119,1.141,1.099,34755800,38979576
710,sh589210,科创芯片设计ETF广发,1.422,-0.011,-0.768,1.422,1.425,1.433,1.496,1.496,1.419,99094800,145010407
711,sh589200,科创200ETF工银,1.488,-0.017,-1.13,1.492,1.506,1.505,1.528,1.55,1.488,2417600,3689785
712,sh589190,科创芯片ETF华宝,1.269,-0.012,-0.937,1.268,1.27,1.281,1.336,1.34,1.263,47334600,62014563
713,sh589180,科创新材料ETF汇添富,1.975,-0.045,-2.228,1.974,1.979,2.02,2.052,2.06,1.954,23348000,47151764
714,sh589170,科创芯片设计ETF鹏华,1.137,-0.005,-0.438,1.136,1.137,1.142,1.179,1.198,1.13,5714900,6643435
715,sh589160,科创芯片ETF广发,1.262,-0.016,-1.252,1.261,1.262,1.278,1.334,1.34,1.254,21818500,28341388
716,sh589150,科创50ETF平安,1.21,-0.002,-0.165,1.209,1.21,1.212,1.224,1.257,1.204,8026600,9928238
717,sh589130,科创芯片ETF易方达,1.383,-0.016,-1.144,1.381,1.383,1.399,1.452,1.463,1.376,103472583,147107908
718,sh589120,科创创新药ETF汇添富,0.719,0.03,4.354,0.718,0.719,0.689,0.69,0.72,0.688,62249800,44009040
719,sh589110,科创人工智能ETF国泰,0.982,0.001,0.102,0.981,0.984,0.981,0.99,1.012,0.976,9426200,9400782
720,sh589100,科创芯片ETF国泰,2.241,-0.023,-1.016,2.24,2.242,2.264,2.35,2.36,2.23,26945165,62126329
721,sh589090,科创AIETF鹏华,1.132,-0.004,-0.352,1.132,1.137,1.136,1.17,1.171,1.126,5500000,6325471
722,sh589080,科创综指ETF汇添富,1.613,0.0,0.0,1.61,1.613,1.613,1.649,1.663,1.607,22962100,37676539
723,sh589070,科创芯片设计ETF天弘,1.124,-0.008,-0.707,1.124,1.125,1.132,1.171,1.183,1.119,58296800,67132814
724,sh589060,科创综指ETF东财,1.698,-0.004,-0.235,1.697,1.701,1.702,1.756,1.756,1.695,2631100,4553514
725,sh589050,科创综指ETF兴业,1.426,0.002,0.14,1.422,1.426,1.424,1.438,1.47,1.418,1253500,1812961
726,sh589030,科创芯片设计ETF易方达,1.197,-0.009,-0.746,1.198,1.199,1.206,1.248,1.259,1.19,84381600,103926500
727,sh589020,科创半导体设备ETF鹏华,2.149,-0.069,-3.111,2.15,2.151,2.218,2.326,2.33,2.134,161189296,360321744
728,sh589010,科创人工智能ETF华夏,1.499,-0.002,-0.133,1.499,1.501,1.501,1.529,1.548,1.488,38669200,58721180
729,sh589000,科创综指ETF华夏,1.622,-0.006,-0.369,1.621,1.622,1.628,1.656,1.676,1.616,67740600,112192198
730,sh588990,科创芯片ETF博时,3.638,-0.039,-1.061,3.636,3.639,3.677,3.841,3.842,3.623,16193400,60667896
731,sh588980,科创100ETF广发,1.621,-0.007,-0.43,1.62,1.624,1.628,1.661,1.706,1.615,1435300,2359789
732,sh588960,科创新能源ETF富国,1.346,0.017,1.279,1.345,1.347,1.329,1.34,1.376,1.34,10878100,14799632
733,sh588950,科创50ETF景顺,1.732,-0.004,-0.23,1.731,1.734,1.736,1.8,1.802,1.723,17196900,30351429
734,sh588940,科创50ETF富国,1.723,0.002,0.116,1.723,1.724,1.721,1.776,1.788,1.714,38490130,67661682
735,sh588930,科创人工智能ETF银华,1.672,0.006,0.36,1.673,1.676,1.666,1.71,1.727,1.662,23864500,40689639
736,sh588920,科创芯片ETF鹏华,2.234,-0.026,-1.15,2.234,2.235,2.26,2.364,2.364,2.225,14486100,33348596
737,sh588910,科创价值ETF建信,1.55,-0.003,-0.193,1.549,1.562,1.553,1.568,1.599,1.541,12477400,19718915
738,sh588900,科创100ETF南方,1.825,-0.01,-0.545,1.819,1.825,1.835,1.872,1.89,1.816,5608300,10421963
739,sh588890,科创芯片ETF南方,3.936,-0.047,-1.18,3.932,3.935,3.983,4.132,4.159,3.92,34565989,139788896
740,sh588880,科创100ETF华泰柏瑞,1.763,-0.007,-0.395,1.759,1.766,1.77,1.787,1.825,1.754,6050800,10796806
741,sh588870,科创50ETF汇添富,1.69,0.002,0.118,1.689,1.69,1.688,1.749,1.755,1.682,32338600,55807608
742,sh588860,科创医药ETF工银,0.614,0.019,3.193,0.613,0.614,0.595,0.597,0.614,0.595,15497000,9396690
743,sh588850,科创机械ETF嘉实,1.92,0.012,0.629,1.919,1.921,1.908,1.928,2.011,1.895,18187500,35727204
744,sh588840,科创50ETF万家,1.545,-0.003,-0.194,1.545,1.546,1.548,1.582,1.605,1.538,1796200,2823102
745,sh588830,科创新能源ETF鹏华,1.478,0.02,1.372,1.477,1.478,1.458,1.471,1.511,1.47,63881300,95221120
746,sh588820,科创200ETF华夏,2.097,-0.005,-0.238,2.097,2.099,2.102,2.131,2.168,2.083,20041100,42785613
747,sh588810,科创芯片ETF富国,2.477,-0.034,-1.354,2.476,2.477,2.511,2.6,2.62,2.468,37061015,94751250
748,sh588800,科创100ETF华夏,1.765,-0.008,-0.451,1.765,1.766,1.773,1.807,1.832,1.758,133850800,240570786
749,sh588790,科创AIETF博时,0.848,0.0,0.0,0.849,0.85,0.848,0.868,0.877,0.842,283979018,245570783
750,sh588780,科创芯片设计ETF国联安,1.032,-0.008,-0.769,1.032,1.033,1.04,1.079,1.08,1.026,191630609,202752302
751,sh588770,科创信息ETF摩根,1.85,-0.007,-0.377,1.85,1.854,1.857,1.932,1.936,1.845,9933400,18794366
752,sh588760,科创人工智能ETF广发,0.804,0.0,0.0,0.804,0.806,0.804,0.823,0.83,0.798,229794100,188023457
753,sh588750,科创芯片ETF汇添富,2.329,-0.03,-1.272,2.328,2.33,2.359,2.454,2.459,2.319,105155200,252160151
754,sh588730,科创人工智能ETF易方达,1.578,0.003,0.19,1.578,1.58,1.575,1.614,1.63,1.567,85297900,136286992
755,sh588720,科创50ETF中银,1.68,-0.001,-0.059,1.68,1.683,1.681,1.723,1.765,1.676,7603100,13107339
756,sh588710,科创半导体设备ETF华泰柏瑞,2.744,-0.087,-3.073,2.744,2.745,2.831,2.988,2.99,2.723,226571246,645565846
757,sh588700,科创医药ETF嘉实,0.917,0.025,2.803,0.917,0.918,0.892,0.898,0.92,0.891,39255400,35637362
758,sh588690,科创增强ETF银华,1.267,0.005,0.396,1.26,1.271,1.262,1.274,1.302,1.255,1020800,1310566
759,sh588680,科创100增强ETF广发,2.526,0.005,0.198,2.517,2.53,2.521,2.541,2.597,2.514,2693200,6913601
760,sh588670,科创综指增强ETF嘉实,1.794,-0.011,-0.609,1.794,1.798,1.805,1.844,1.859,1.79,1308600,2400494
761,sh588660,科创创业50ETF兴银,2.041,-0.007,-0.342,2.038,2.041,2.048,2.068,2.109,2.036,2021100,4194801
762,sh588550,科创综指增强ETF易方达,1.44,0.015,1.053,1.44,1.443,1.425,1.473,1.478,1.423,2350500,3424850
763,sh588520,科创增强ETF永赢,1.433,0.0,0.0,1.419,1.439,1.433,1.443,1.476,1.423,2736400,3984078
764,sh588510,科创创业人工智能ETF华夏,0.914,-0.001,-0.109,0.914,0.915,0.915,0.935,0.94,0.904,24502100,22586279
765,sh588500,科创100增强ETF易方达,2.611,-0.015,-0.571,2.611,2.613,2.626,2.635,2.77,2.6,3033000,8072145
766,sh588480,科创创业人工智能ETF中金,0.969,0.0,0.0,0.968,0.969,0.969,0.986,0.995,0.965,12435100,12209554
767,sh588470,科创创业人工智能ETF华安,0.907,0.0,0.0,0.907,0.908,0.907,0.924,0.934,0.902,25968600,23848554
768,sh588460,科创50增强ETF鹏华,2.073,0.024,1.171,2.069,2.074,2.049,2.114,2.141,2.059,28641300,60390325
769,sh588450,科创50增强ETF招商,2.189,-0.001,-0.046,2.186,2.189,2.19,2.27,2.27,2.178,6579800,14736251
770,sh588430,科创创业人工智能ETF工银,1.308,-0.002,-0.153,1.309,1.31,1.31,1.355,1.355,1.297,8014200,10572269
771,sh588420,科创创业人工智能ETF摩根,1.283,-0.003,-0.233,1.282,1.287,1.286,1.313,1.33,1.274,14488200,18810916
772,sh588410,科创创业人工智能ETF鹏华,1.282,-0.002,-0.156,1.282,1.284,1.284,1.323,1.328,1.273,6035000,7841315
773,sh588400,科创创业ETF嘉实,1.236,0.0,0.0,1.235,1.236,1.236,1.27,1.275,1.23,24437900,30591373
774,sh588390,科创创业ETF博时,1.327,0.001,0.075,1.326,1.327,1.326,1.367,1.378,1.322,3385500,4564944
775,sh588380,科创创业ETF富国,1.247,-0.003,-0.24,1.246,1.247,1.25,1.285,1.292,1.241,77057408,97416527
776,sh588370,科创50增强ETF南方,1.775,0.003,0.169,1.772,1.776,1.772,1.82,1.843,1.766,3987500,7206405
777,sh588360,科创创业ETF国泰,1.329,-0.001,-0.075,1.329,1.332,1.33,1.335,1.375,1.323,18068700,24343167
778,sh588350,科创创业50ETF鹏扬,1.894,0.0,0.0,1.892,1.894,1.894,1.948,1.96,1.887,3620300,6943062
779,sh588330,双创50ETF华宝,1.24,-0.004,-0.322,1.241,1.242,1.244,1.288,1.29,1.236,61918700,78068475
780,sh588320,双创50增强ETF广发,1.926,-0.007,-0.362,1.925,1.927,1.933,1.986,1.989,1.917,4128400,8066153
781,sh588310,科创创业ETF方正富邦,1.322,0.005,0.38,1.314,1.323,1.317,1.333,1.365,1.311,2646100,3538892
782,sh588300,科创创业50ETF招商,1.26,-0.001,-0.079,1.26,1.261,1.261,1.298,1.309,1.254,43821100,55927758
783,sh588290,科创芯片ETF华安,3.417,-0.044,-1.271,3.418,3.419,3.461,3.595,3.6,3.402,71703200,252092156
784,sh588280,科创50ETF华安,1.203,0.003,0.25,1.201,1.202,1.2,1.233,1.249,1.198,15252600,18653774
785,sh588270,科创200ETF易方达,1.827,-0.009,-0.49,1.826,1.827,1.836,1.875,1.894,1.813,18902286,35125736
786,sh588260,科创信息ETF华安,2.543,-0.014,-0.548,2.543,2.549,2.557,2.642,2.663,2.54,1294300,3365564
787,sh588250,科创医药ETF鹏华,0.958,0.026,2.79,0.958,0.959,0.932,0.932,0.959,0.93,7558800,7157626
788,sh588240,科创200ETF鹏华,1.798,-0.009,-0.498,1.797,1.801,1.807,1.861,1.861,1.786,18371200,33739378
789,sh588230,科创200ETF华泰柏瑞,1.954,-0.011,-0.56,1.951,1.953,1.965,2.008,2.02,1.935,67916600,135144628
790,sh588220,科创100ETF鹏华,1.789,-0.006,-0.334,1.789,1.79,1.795,1.828,1.854,1.775,372069400,676900037
791,sh588210,科创100ETF易方达,1.791,-0.005,-0.278,1.79,1.791,1.796,1.85,1.854,1.782,7946000,14489935
792,sh588200,科创芯片ETF嘉实,3.496,-0.043,-1.215,3.496,3.497,3.539,3.681,3.686,3.48,1447587990,5195592878
793,sh588190,科创100ETF银华,1.786,-0.005,-0.279,1.785,1.787,1.791,1.827,1.849,1.775,79109614,143976767
794,sh588180,科创50ETF国联安,1.08,0.002,0.186,1.079,1.081,1.078,1.115,1.122,1.074,19298600,21276704
795,sh588170,科创半导体ETF华夏,2.666,-0.078,-2.843,2.667,2.668,2.744,2.897,2.898,2.641,1071591580,2968855482
796,sh588160,科创新材料ETF南方,1.224,-0.033,-2.625,1.222,1.224,1.257,1.287,1.29,1.214,35358500,44599584
797,sh588150,科创50ETF南方,1.175,0.0,0.0,1.174,1.175,1.175,1.211,1.221,1.17,23395700,28070719
798,sh588140,科创200ETF广发,1.315,-0.01,-0.755,1.317,1.32,1.325,1.356,1.36,1.307,6189500,8318301
799,sh588130,科创医药ETF华夏,0.941,0.023,2.505,0.94,0.941,0.918,0.916,0.942,0.914,15284800,14271458
800,sh588120,科创100ETF国泰,1.809,-0.009,-0.495,1.809,1.81,1.818,1.852,1.873,1.801,43800300,80893843
801,sh588110,科创成长ETF广发,2.709,0.012,0.445,2.7,2.709,2.697,2.768,2.803,2.69,11599900,31841289
802,sh588100,科创信息ETF嘉实,2.609,-0.009,-0.344,2.609,2.613,2.618,2.701,2.728,2.6,9044200,24082732
803,sh588090,科创50ETF华泰柏瑞,1.713,0.004,0.234,1.712,1.713,1.709,1.76,1.779,1.705,71307793,124565314
804,sh588080,科创50ETF易方达,1.701,0.0,0.0,1.701,1.702,1.701,1.76,1.768,1.694,652769954,1133987462
805,sh588070,科创成长ETF万家,2.379,0.003,0.126,2.371,2.388,2.376,2.455,2.468,2.373,1903500,4605039
806,sh588060,科创50ETF广发,1.059,0.001,0.095,1.058,1.059,1.058,1.091,1.1,1.053,291550700,314706928
807,sh588050,科创50ETF工银,1.709,-0.001,-0.058,1.709,1.71,1.71,1.76,1.775,1.701,154833590,270276478
808,sh588040,科创50ETF鹏华,1.698,0.0,0.0,1.696,1.698,1.698,1.749,1.764,1.692,5169900,8971274
809,sh588030,科创100ETF博时,1.793,-0.013,-0.72,1.793,1.794,1.806,1.838,1.861,1.786,139253200,254785507
810,sh588020,科创成长ETF易方达,2.772,0.005,0.181,2.773,2.774,2.767,2.831,2.875,2.758,51465700,145468985
811,sh588010,科创新材料ETF博时,1.197,-0.031,-2.524,1.196,1.197,1.228,1.265,1.277,1.185,200848000,248238986
812,sh588000,科创50ETF华夏,1.756,0.0,0.0,1.756,1.757,1.756,1.825,1.828,1.751,3264831324,5855055733
813,sh563990,800现金流ETF富国,1.232,0.009,0.736,1.232,1.233,1.223,1.23,1.243,1.221,5351500,6584858
814,sh563980,800红利低波ETF鑫元,0.979,0.006,0.617,0.977,0.98,0.973,0.967,0.979,0.967,4081600,3975493
815,sh563960,300质量ETF兴全,0.947,0.013,1.392,0.948,0.949,0.934,0.94,0.952,0.93,5382100,5084639
816,sh563930,上证增强ETF招商,1.014,0.011,1.097,1.013,1.014,1.003,1.012,1.023,1.006,1392900,1413880
817,sh563900,300自由现金流ETF摩根,1.148,0.003,0.262,1.147,1.149,1.145,1.145,1.157,1.141,31324600,35980312
818,sh563890,国企红利ETF创金合信,1.056,0.014,1.344,1.053,1.056,1.042,1.045,1.056,1.041,133400,140267
819,sh563880,A500ETF汇添富,1.3,0.014,1.089,1.3,1.302,1.286,1.303,1.313,1.298,77747600,101407550
820,sh563870,通用航空ETF鹏华,0.75,0.028,3.878,0.749,0.75,0.722,0.725,0.763,0.725,5979000,4503141
821,sh563860,中证A500ETF海富通,1.335,0.013,0.983,1.333,1.337,1.322,1.335,1.345,1.331,25395600,33960449
822,sh563850,食品ETF广发,0.934,0.012,1.302,0.933,0.935,0.922,0.919,0.935,0.918,27328900,25484174
823,sh563830,全指现金流ETF博时,1.184,0.013,1.11,1.181,1.189,1.171,1.175,1.192,1.174,6023700,7133337
824,sh563800,A500ETF广发,1.259,0.017,1.369,1.258,1.259,1.242,1.26,1.271,1.255,380765123,480832695
825,sh563790,卫星ETF鹏华,1.001,0.01,1.009,1.001,1.002,0.991,1.004,1.029,0.997,74041474,75022847
826,sh563780,现金流全指ETF方正富邦,1.209,0.011,0.918,1.209,1.211,1.198,1.198,1.221,1.197,3550600,4295649
827,sh563770,全指现金流ETF招商,1.192,0.011,0.931,1.192,1.193,1.181,1.186,1.204,1.181,9260300,11029942
828,sh563760,全指现金流ETF中银,1.175,0.009,0.772,1.174,1.176,1.166,1.169,1.184,1.165,66829300,78593498
829,sh563750,中证500ETF汇添富,1.125,0.011,0.987,1.124,1.127,1.114,1.122,1.142,1.122,23487100,26539449
830,sh563700,红利价值ETF易方达,1.069,0.012,1.135,1.068,1.069,1.057,1.055,1.07,1.05,9172300,9767204
831,sh563690,红利低波ETF永赢,1.016,0.008,0.794,1.015,1.016,1.008,1.003,1.016,0.989,1123000,1135196
832,sh563680,800现金流ETF汇添富,1.198,0.007,0.588,1.199,1.2,1.191,1.198,1.208,1.189,4700300,5636261
833,sh563670,金融科技ETF鹏华,0.677,0.027,4.154,0.677,0.678,0.65,0.65,0.682,0.65,2934300,1971931
834,sh563660,A500ETF银河,1.307,0.018,1.396,1.301,1.307,1.289,1.301,1.322,1.3,10401200,13606074
835,sh563650,中证A500ETF兴业,1.33,0.012,0.91,1.326,1.332,1.318,1.326,1.341,1.326,5991100,7991684
836,sh563630,A500增强ETF国联安,1.315,0.016,1.232,1.314,1.315,1.299,1.311,1.327,1.311,1618000,2127719
837,sh563620,全指现金流ETF兴业,1.084,0.012,1.119,1.082,1.091,1.072,1.076,1.092,1.074,3782100,4106261
838,sh563600,A500增强ETF易方达,1.09,0.003,0.276,1.093,1.098,1.087,1.095,1.108,1.089,8338900,9127017
839,sh563590,A500红利低波动ETF国寿,0.968,0.009,0.938,0.949,0.969,0.959,0.961,0.968,0.961,174000,167714
840,sh563580,自由现金流800ETF万家,1.117,0.007,0.631,1.115,1.117,1.11,1.104,1.127,1.104,5461100,6092332
841,sh563570,金融科技ETF兴业,0.737,0.026,3.657,0.737,0.738,0.711,0.714,0.745,0.711,10809000,7949191
842,sh563560,科技成长ETF兴业,1.267,0.003,0.237,1.267,1.268,1.264,1.295,1.31,1.263,9147200,11748490
843,sh563550,A500增强ETF摩根,1.283,0.018,1.423,1.281,1.286,1.265,1.277,1.295,1.277,11806700,15210761
844,sh563530,卫星ETF易方达,1.325,0.007,0.531,1.324,1.326,1.318,1.342,1.365,1.32,119898378,161150681
845,sh563520,沪深300ETF永赢,1.231,0.016,1.317,1.231,1.233,1.215,1.22,1.239,1.22,22949200,28268561
846,sh563510,A500红利低波ETF易方达,0.98,0.006,0.616,0.98,0.981,0.974,0.973,0.981,0.969,8099600,7905520
847,sh563500,A500ETF华宝,0.661,0.008,1.225,0.66,0.662,0.653,0.661,0.668,0.659,27833500,18468784
848,sh563390,全指现金流ETF华泰柏瑞,1.219,0.012,0.994,1.218,1.22,1.207,1.206,1.229,1.206,55867300,68164272
849,sh563380,航空航天ETF华泰柏瑞,1.039,0.043,4.317,1.04,1.041,0.996,1.02,1.063,1.01,137634500,143856216
850,sh563360,A500ETF华泰柏瑞,1.333,0.016,1.215,1.333,1.334,1.317,1.334,1.347,1.33,3112330100,4163408424
851,sh563350,A50ETF华泰柏瑞,1.426,0.026,1.857,1.425,1.428,1.4,1.416,1.433,1.413,11458900,16322733
852,sh563330,A股ETF华泰柏瑞,4.351,0.049,1.139,4.351,4.354,4.302,4.333,4.397,4.333,10283300,44863372
853,sh563320,通用航空ETF华泰柏瑞,0.967,0.032,3.422,0.966,0.967,0.935,0.942,0.987,0.942,26652700,25852790
854,sh563300,中证2000ETF华泰柏瑞,1.523,0.013,0.861,1.523,1.524,1.51,1.527,1.549,1.516,324569765,497698291
855,sh563280,A50增强ETF富国,1.456,0.033,2.319,1.45,1.456,1.423,1.437,1.457,1.437,85800,124099
856,sh563230,卫星ETF富国,1.332,0.01,0.756,1.331,1.332,1.322,1.348,1.37,1.323,260256148,351240193
857,sh563220,A500ETF富国,1.312,0.016,1.235,1.312,1.314,1.296,1.312,1.326,1.31,360539730,474773541
858,sh563210,专精特新ETF富国,2.147,0.001,0.047,2.147,2.149,2.146,2.209,2.22,2.138,11112900,24280456
859,sh563200,中证2000ETF富国,1.612,0.019,1.193,1.609,1.612,1.593,1.592,1.629,1.592,9094100,14702786
860,sh563180,高股息ETF银华,1.13,0.006,0.534,1.129,1.13,1.124,1.122,1.134,1.115,3160800,3556829
861,sh563150,油气ETF银华,1.298,0.03,2.366,1.294,1.299,1.268,1.252,1.313,1.252,2611300,3390484
862,sh563090,上证50增强ETF易方达,1.315,0.022,1.701,1.314,1.315,1.293,1.296,1.323,1.296,5737900,7537157
863,sh563080,中证A50ETF易方达,1.394,0.024,1.752,1.393,1.394,1.37,1.377,1.4,1.377,24444800,34034869
864,sh563060,央企50ETF易方达,1.079,0.001,0.093,1.067,1.08,1.078,1.07,1.086,1.07,1594300,1720494
865,sh563050,央企科技ETF易方达,1.355,-0.007,-0.514,1.354,1.358,1.362,1.388,1.399,1.351,12732600,17623234
866,sh563030,中证500增强ETF易方达,1.599,0.026,1.653,1.598,1.599,1.573,1.6,1.616,1.589,1712100,2744479
867,sh563020,红利低波ETF易方达,1.166,0.011,0.952,1.165,1.166,1.155,1.153,1.166,1.148,195822600,226699260
868,sh563010,电信ETF易方达,2.298,0.003,0.131,2.295,2.298,2.295,2.327,2.336,2.286,7297400,16852745
869,sh563000,中国A50ETF易方达,1.148,0.024,2.135,1.147,1.148,1.124,1.141,1.152,1.133,24246348,27749558
870,sh562990,碳中和ETF易方达,1.037,0.027,2.673,1.035,1.038,1.01,1.01,1.048,1.01,12527300,12918861
871,sh562970,光伏ETF易方达,1.151,-0.005,-0.433,1.15,1.152,1.156,1.167,1.183,1.147,27238100,31838413
872,sh562960,绿色电力ETF易方达,1.241,0.01,0.812,1.24,1.241,1.231,1.231,1.248,1.22,60166520,74394869
873,sh562950,消费电子ETF易方达,1.688,-0.012,-0.706,1.688,1.689,1.7,1.753,1.76,1.683,68252400,117651456
874,sh562930,软件ETF易方达,0.708,0.01,1.433,0.708,0.709,0.698,0.704,0.72,0.701,67954400,48312557
875,sh562920,信息安全ETF易方达,0.887,0.002,0.226,0.886,0.887,0.885,0.888,0.902,0.885,11485600,10287065
876,sh562910,高端制造ETF易方达,0.909,0.013,1.451,0.909,0.91,0.896,0.903,0.926,0.902,11588200,10619660
877,sh562900,农业ETF易方达,0.653,0.009,1.398,0.653,0.655,0.644,0.645,0.656,0.637,15541700,10019980
878,sh562890,A50ETF嘉实,1.391,0.022,1.607,1.39,1.391,1.369,1.382,1.4,1.377,12526700,17408755
879,sh562880,电池ETF嘉实,0.89,0.018,2.064,0.889,0.89,0.872,0.888,0.908,0.876,37031200,33046919
880,sh562870,证券ETF嘉实,0.882,0.029,3.4,0.882,0.883,0.853,0.858,0.885,0.85,13491300,11807418
881,sh562860,疫苗ETF嘉实,0.59,0.013,2.253,0.59,0.591,0.577,0.577,0.59,0.575,9716900,5698430
882,sh562850,央企能源ETF嘉实,1.311,0.02,1.549,1.308,1.313,1.291,1.291,1.322,1.282,14777100,19317468
883,sh562820,集成电路ETF嘉实,3.059,-0.026,-0.843,3.059,3.06,3.085,3.213,3.213,3.048,15057100,47241112
884,sh562810,上证指数增强ETF嘉实,1.17,0.012,1.036,1.165,1.17,1.158,1.158,1.177,1.158,7405100,8638559
885,sh562800,稀有金属ETF嘉实,1.097,0.039,3.686,1.097,1.098,1.058,1.079,1.121,1.071,572011349,627008781
886,sh562700,汽车零部件ETF华夏,1.352,0.002,0.148,1.351,1.356,1.35,1.362,1.381,1.35,20977900,28628256
887,sh562660,中证2000ETF华夏,1.908,0.025,1.328,1.908,1.909,1.883,1.89,1.925,1.888,54856000,104791864
888,sh562600,医疗器械ETF华夏,0.758,0.012,1.609,0.757,0.759,0.746,0.745,0.759,0.745,44758800,33779801
889,sh562590,半导体设备ETF华夏,2.789,-0.073,-2.551,2.792,2.793,2.862,2.994,3.025,2.776,182585800,532908765
890,sh562580,可选消费ETF华夏,1.116,0.01,0.904,1.116,1.119,1.106,1.097,1.118,1.096,2328100,2592555
891,sh562570,信创ETF华夏,1.382,0.014,1.023,1.38,1.383,1.368,1.391,1.42,1.381,29788100,41532963
892,sh562560,信息技术ETF华夏,2.343,-0.013,-0.552,2.338,2.343,2.356,2.356,2.432,2.335,297900,714194
893,sh562550,绿电ETF华夏,1.243,0.013,1.057,1.242,1.243,1.23,1.233,1.25,1.219,167096000,206349973
894,sh562530,中证1000价值ETF华夏,1.234,0.019,1.564,1.232,1.235,1.215,1.203,1.24,1.203,4211600,5171235
895,sh562520,中证1000成长ETF华夏,1.411,0.015,1.074,1.408,1.414,1.396,1.417,1.433,1.407,3751800,5355324
896,sh562510,旅游ETF华夏,0.599,0.018,3.098,0.599,0.6,0.581,0.585,0.601,0.584,97502500,57829525
897,sh562500,机器人ETF华夏,1.087,-0.003,-0.275,1.089,1.09,1.09,1.105,1.132,1.079,825143244,910856251
898,sh562390,中药ETF银华,0.848,0.013,1.557,0.847,0.85,0.835,0.836,0.849,0.832,2397100,2022296
899,sh562380,央企科技ETF银华,1.303,-0.005,-0.382,1.303,1.306,1.308,1.334,1.361,1.3,2966400,3947116
900,sh562360,机器人ETF银华,1.175,-0.003,-0.255,1.175,1.18,1.178,1.192,1.225,1.167,22261200,26608168
901,sh562350,电力ETF银华,1.197,0.012,1.013,1.196,1.197,1.185,1.187,1.205,1.175,21312500,25391870
902,sh562340,中证500成长ETF银华,1.403,0.01,0.718,1.393,1.412,1.393,1.393,1.426,1.393,261400,370969
903,sh562330,中证500价值ETF银华,1.257,0.035,2.864,1.249,1.269,1.222,1.234,1.269,1.234,721800,902379
904,sh562320,沪深300价值ETF银华,1.31,0.016,1.236,1.309,1.311,1.294,1.3,1.312,1.288,3588200,4674017
905,sh562310,沪深300成长ETF银华,1.119,0.015,1.359,1.118,1.119,1.104,1.135,1.135,1.11,21940910,24579141
906,sh562300,碳中和ETF银华,0.752,0.014,1.897,0.75,0.752,0.738,0.746,0.761,0.745,511700,385052
907,sh562080,300现金流ETF华宝,0.608,0.002,0.33,0.607,0.608,0.606,0.607,0.612,0.603,52058600,31673523
908,sh562070,沪深300指增ETF华宝,1.053,0.014,1.347,1.051,1.053,1.039,1.041,1.058,1.041,5241900,5517608
909,sh562060,标普A股红利ETF华宝,0.615,0.005,0.82,0.615,0.616,0.61,0.611,0.616,0.607,92977300,56957159
910,sh562050,药ETF华宝,0.887,0.02,2.307,0.886,0.887,0.867,0.87,0.889,0.861,9798400,8609279
911,sh562030,信创ETF华宝,0.519,0.004,0.777,0.52,0.522,0.515,0.528,0.534,0.519,9123400,4810932
912,sh562010,绿色能源ETF华宝,0.983,0.029,3.04,0.98,0.983,0.954,0.954,0.99,0.954,1248100,1221155
913,sh562000,A100ETF华宝,0.621,0.008,1.305,0.62,0.621,0.613,0.613,0.625,0.609,9720200,6034149
914,sh561990,沪深300增强ETF招商,1.031,0.017,1.677,1.03,1.032,1.014,1.019,1.038,1.019,28196300,29085208
915,sh561980,半导体设备ETF招商,3.233,-0.04,-1.222,3.231,3.232,3.273,3.435,3.455,3.221,122494034,407327726
916,sh561960,央企回报ETF招商,1.228,0.017,1.404,1.226,1.23,1.211,1.22,1.234,1.218,1098600,1349640
917,sh561950,中证500增强ETF招商,1.402,0.024,1.742,1.403,1.404,1.378,1.391,1.423,1.391,3772100,5317277
918,sh561930,沪深300ETF招商,1.604,0.02,1.263,1.603,1.605,1.584,1.583,1.614,1.583,6336800,10158747
919,sh561920,疫苗ETF招商,0.603,0.015,2.551,0.602,0.604,0.588,0.59,0.603,0.589,655500,393609
920,sh561910,电池ETF招商,0.876,0.026,3.059,0.877,0.878,0.85,0.853,0.886,0.853,324051800,281765597
921,sh561900,沪深300ESGETF招商,1.014,0.013,1.299,1.013,1.016,1.001,1.011,1.021,1.011,3374500,3429862
922,sh561880,A100ETF华富,1.327,0.022,1.686,1.327,1.329,1.305,1.318,1.336,1.318,2655300,3521798
923,sh561870,现金流全指ETF华富,1.193,0.012,1.016,1.193,1.197,1.181,1.182,1.203,1.182,3377300,4020188
924,sh561800,稀有金属ETF华富,1.182,0.038,3.322,1.184,1.185,1.144,1.17,1.21,1.146,47478300,56060004
925,sh561790,央企能源ETF博时,1.299,0.015,1.168,1.3,1.301,1.284,1.297,1.311,1.285,1005263,1310158
926,sh561780,1000增强ETF博时,1.638,0.028,1.739,1.635,1.639,1.61,1.634,1.655,1.633,1171200,1925495
927,sh561770,A100ETF博时,1.287,0.021,1.659,1.283,1.286,1.266,1.278,1.293,1.278,1071900,1378401
928,sh561760,油气ETF博时,1.314,0.031,2.416,1.311,1.315,1.283,1.272,1.327,1.272,8219100,10798519
929,sh561750,A50ETF博时,1.193,0.021,1.792,1.194,1.196,1.172,1.183,1.198,1.183,2292000,2737234
930,sh561700,电力ETF博时,1.198,0.011,0.927,1.197,1.198,1.187,1.187,1.205,1.177,10961700,13077677
931,sh561680,A500红利低波ETF平安,0.983,0.006,0.614,0.982,0.983,0.977,0.97,0.983,0.97,1364300,1333717
932,sh561660,通用航空ETF平安,1.036,0.034,3.393,1.035,1.036,1.002,1.012,1.056,1.012,8475400,8793073
933,sh561600,消费电子ETF平安,1.615,-0.01,-0.615,1.617,1.618,1.625,1.679,1.683,1.611,12953900,21276412
934,sh561590,中证1000增强ETF华泰柏瑞,1.573,0.023,1.484,1.569,1.573,1.55,1.558,1.596,1.553,3921700,6194618
935,sh561580,央企红利ETF华泰柏瑞,1.207,0.015,1.258,1.206,1.207,1.192,1.19,1.207,1.187,52125289,62505804
936,sh561570,油气ETF华泰柏瑞,1.335,0.029,2.221,1.334,1.336,1.306,1.303,1.349,1.303,12966800,17259862
937,sh561560,电力ETF华泰柏瑞,1.384,0.013,0.948,1.383,1.384,1.371,1.378,1.394,1.358,124765551,172113047
938,sh561550,中证500增强ETF华泰柏瑞,1.442,0.024,1.693,1.441,1.442,1.418,1.437,1.464,1.437,68081400,98773944
939,sh561510,中药ETF华泰柏瑞,0.906,0.013,1.456,0.905,0.908,0.893,0.895,0.908,0.889,486400,437492
940,sh561500,漂亮50ETF华泰柏瑞,0.817,0.011,1.365,0.816,0.817,0.806,0.814,0.827,0.814,6314400,5176408
941,sh561380,电网设备ETF国泰,2.152,0.0,0.0,2.152,2.153,2.152,2.178,2.211,2.142,124993100,271926377
942,sh561370,中证2000ETF国泰,1.486,-0.002,-0.134,1.481,1.486,1.488,1.491,1.508,1.481,1616200,2413867
943,sh561360,石油ETF国泰,1.409,0.03,2.175,1.409,1.41,1.379,1.358,1.424,1.358,45249521,63564722
944,sh561350,中证500ETF国泰,1.282,0.012,0.945,1.283,1.284,1.27,1.282,1.304,1.282,24673000,31844693
945,sh561330,矿业ETF国泰,1.998,0.113,5.995,2.0,2.001,1.885,1.934,2.026,1.911,46743146,92186915
946,sh561320,交运ETF国泰,0.916,0.018,2.004,0.915,0.917,0.898,0.907,0.917,0.903,2935500,2664257
947,sh561310,消电ETF国泰,1.558,-0.013,-0.827,1.558,1.563,1.571,1.613,1.627,1.557,5320800,8526298
948,sh561300,沪深300增强ETF国泰,1.04,0.015,1.463,1.04,1.042,1.025,1.031,1.049,1.031,25526800,26632367
949,sh561280,中证1000增强ETF工银,1.692,0.014,0.834,1.692,1.694,1.678,1.69,1.718,1.678,3635700,6189965
950,sh561260,能源ETF工银,1.301,0.018,1.403,1.3,1.302,1.283,1.286,1.311,1.28,1970600,2556548
951,sh561230,中证A50ETF工银,1.352,0.022,1.654,1.352,1.355,1.33,1.338,1.36,1.338,14242100,19229978
952,sh561220,数字经济ETF工银,1.829,-0.003,-0.164,1.829,1.833,1.832,1.887,1.901,1.829,2947300,5503914
953,sh561200,中证A100ETF工银,1.506,0.025,1.688,1.504,1.505,1.481,1.496,1.525,1.496,1407800,2123781
954,sh561190,碳中和ETF富国,1.034,0.024,2.376,1.032,1.035,1.01,1.018,1.047,1.018,5891600,6093239
955,sh561180,A100ETF富国,1.361,0.022,1.643,1.359,1.363,1.339,1.352,1.368,1.352,601400,820744
956,sh561170,绿色电力ETF富国,1.248,0.012,0.971,1.247,1.248,1.236,1.236,1.255,1.225,47700200,59295054
957,sh561160,电池ETF富国,0.877,0.02,2.334,0.876,0.877,0.857,0.865,0.89,0.859,94908100,82991018
958,sh561130,国货ETF富国,1.05,0.009,0.865,1.05,1.051,1.041,1.05,1.06,1.047,18956500,20003033
959,sh561120,家电ETF富国,1.294,-0.003,-0.231,1.292,1.294,1.297,1.299,1.309,1.292,6371900,8279114
960,sh561100,消费电子ETF富国,1.755,-0.01,-0.567,1.755,1.756,1.765,1.818,1.826,1.749,32550200,58367616
961,sh561090,A500增强ETF华安,1.269,0.01,0.794,1.266,1.269,1.259,1.277,1.282,1.261,6578900,8372483
962,sh561080,全指现金流ETF华安,1.203,0.011,0.923,1.203,1.205,1.192,1.195,1.212,1.193,1486300,1783473
963,sh561060,国企红利ETF华安,1.161,0.014,1.221,1.16,1.164,1.147,1.141,1.164,1.141,2450600,2838793
964,sh561050,稀有金属ETF易方达,1.004,0.032,3.292,1.003,1.004,0.972,0.987,1.026,0.983,88209053,89214151
965,sh561030,工程机械ETF华泰柏瑞,0.928,0.008,0.87,0.929,0.93,0.92,0.929,0.943,0.924,6639200,6212721
966,sh561010,软件ETF华安,0.896,0.017,1.934,0.895,0.896,0.879,0.882,0.908,0.882,13646100,12251995
967,sh561000,沪深300增强ETF华安,1.316,0.015,1.153,1.316,1.317,1.301,1.314,1.324,1.307,3219100,4239414
968,sh560990,科技先锋ETF中金,1.164,0.018,1.571,1.162,1.168,1.146,1.188,1.188,1.116,2106800,2474516
969,sh560980,光伏龙头ETF广发,0.767,0.003,0.393,0.767,0.768,0.764,0.771,0.787,0.765,30198500,23440118
970,sh560970,工业有色ETF平安,0.996,0.051,5.397,0.995,0.996,0.945,0.968,1.015,0.953,63193300,63243125
971,sh560950,中证500增强ETF汇添富,1.398,0.022,1.599,1.395,1.396,1.376,1.389,1.414,1.389,625500,875618
972,sh560930,电力ETF易方达,0.961,0.007,0.734,0.96,0.961,0.954,0.96,0.968,0.946,15299000,14659824
973,sh560910,电池ETF华泰柏瑞,0.904,0.023,2.611,0.902,0.906,0.881,0.897,0.918,0.888,13365800,12124543
974,sh560900,创新药ETF摩根,0.793,0.02,2.587,0.792,0.794,0.773,0.776,0.794,0.767,12308400,9649809
975,sh560880,家电ETF广发,1.542,-0.004,-0.259,1.54,1.544,1.546,1.54,1.557,1.537,8171700,12642258
976,sh560870,工业有色ETF中银,0.973,0.042,4.511,0.967,0.974,0.931,0.959,0.997,0.937,15835700,15506827
977,sh560860,工业有色ETF万家,1.712,0.099,6.138,1.709,1.715,1.613,1.653,1.74,1.64,384243290,651256292
978,sh560850,信创ETF汇添富,1.383,0.016,1.17,1.381,1.386,1.367,1.392,1.42,1.383,4628400,6486923
979,sh560830,电力ETF华夏,0.981,0.008,0.822,0.981,0.982,0.973,0.973,0.988,0.964,40018800,39167692
980,sh560820,中证A50ETF新华,1.227,0.02,1.657,1.219,1.227,1.207,1.211,1.234,1.211,109100,133674
981,sh560810,央企ESGETF融通,1.274,0.005,0.394,1.273,1.277,1.269,1.281,1.288,1.269,160200,204832
982,sh560800,数字经济ETF鹏扬,1.175,0.004,0.342,1.173,1.175,1.171,1.206,1.212,1.17,6796700,8125512
983,sh560790,软件ETF鹏华,0.844,0.019,2.303,0.844,0.845,0.825,0.822,0.852,0.822,15307100,12905951
984,sh560780,半导体设备ETF广发,2.926,-0.076,-2.532,2.925,2.926,3.002,3.152,3.177,2.909,290165013,881674466
985,sh560770,机器人ETF招商,1.073,-0.003,-0.279,1.077,1.078,1.076,1.09,1.118,1.065,26325600,28664970
986,sh560750,A500ETF申万菱信,1.385,0.019,1.391,1.382,1.388,1.366,1.379,1.399,1.379,5889600,8170971
987,sh560720,红利低波100ETF工银,0.994,0.012,1.222,0.992,0.994,0.982,0.979,0.994,0.972,7169000,7081889
988,sh560710,船舶ETF富国,0.907,0.018,2.025,0.907,0.908,0.889,0.902,0.926,0.896,146783600,133832327
989,sh560700,央企红利ETF广发,1.15,0.013,1.143,1.152,1.153,1.137,1.134,1.158,1.134,4308200,4952248
990,sh560690,电信ETF鹏华,2.33,0.009,0.388,2.327,2.331,2.321,2.356,2.372,2.323,869300,2037689
991,sh560680,消费ETF广发,0.723,0.008,1.119,0.722,0.723,0.715,0.711,0.726,0.71,16138300,11575786
992,sh560670,银行ETF华泰柏瑞,1.041,0.015,1.462,1.04,1.041,1.026,1.025,1.042,1.009,25816800,26647825
993,sh560660,云计算50ETF新华,1.097,0.004,0.366,1.098,1.099,1.093,1.109,1.121,1.092,5503800,6070761
994,sh560650,核心50ETF民生加银,1.062,0.027,2.609,1.06,1.065,1.035,1.043,1.062,1.043,2561600,2697044
995,sh560630,机器人ETF万家,1.214,-0.006,-0.492,1.212,1.218,1.22,1.234,1.266,1.207,12211000,15039219
996,sh560620,公用事业ETF万家,1.018,0.008,0.792,1.018,1.02,1.01,1.005,1.021,1.005,120100,121722
997,sh560610,A500ETF招商,1.236,0.016,1.311,1.235,1.237,1.22,1.238,1.248,1.233,75904659,94189788
998,sh560590,中证1000增强ETF鹏华,1.512,-0.002,-0.132,1.508,1.519,1.514,1.515,1.533,1.506,2155100,3284295
999,sh560580,电力ETF南方,1.201,0.011,0.924,1.2,1.201,1.19,1.191,1.207,1.179,12056300,14393479
1000,sh560570,A500红利ETF国联安,0.989,0.006,0.61,0.989,0.99,0.983,0.981,0.991,0.976,22597900,22307055
1001,sh560560,碳中和ETF泰康,0.748,0.011,1.493,0.748,0.751,0.737,0.737,0.758,0.737,792000,595108
1002,sh560550,碳中和ETF广发,1.025,0.025,2.5,1.021,1.023,1.0,1.008,1.036,1.008,1287600,1322136
1003,sh560530,中证A500ETF摩根,1.274,0.017,1.352,1.271,1.274,1.257,1.268,1.283,1.268,82773699,105480587
1004,sh560520,红利低波100ETF大成,1.105,0.01,0.913,1.105,1.106,1.095,1.092,1.105,1.092,1203200,1325803
1005,sh560510,中证A500ETF泰康,1.235,0.013,1.064,1.236,1.237,1.222,1.231,1.248,1.231,34490600,42674003
1006,sh560500,500质量成长ETF鹏扬,1.351,0.02,1.503,1.348,1.351,1.331,1.351,1.366,1.336,5896000,7968946
1007,sh560490,工业有色ETF华泰柏瑞,1.003,0.046,4.807,1.002,1.003,0.957,0.979,1.027,0.972,28407100,28613451
1008,sh560480,电力ETF招商,0.979,0.007,0.72,0.978,0.98,0.972,0.971,0.985,0.962,15460800,15073485
1009,sh560470,有色ETF易方达,0.925,0.047,5.353,0.924,0.926,0.878,0.889,0.95,0.886,24237000,22336631
1010,sh560460,电力ETF平安,0.984,0.011,1.131,0.983,0.984,0.973,0.973,0.99,0.968,11093800,10865672
1011,sh560450,电力ETF天弘,1.021,0.011,1.089,1.021,1.023,1.01,1.012,1.026,1.003,26522200,26970891
1012,sh560420,食品ETF前海开源,0.913,0.005,0.551,0.91,0.913,0.908,0.907,0.916,0.899,3923200,3565874
1013,sh560410,电池ETF鹏华,1.018,0.022,2.209,1.017,1.018,0.996,0.996,1.033,0.996,3704900,3757930
1014,sh560400,证券ETF华泰柏瑞,0.944,0.033,3.622,0.943,0.944,0.911,0.911,0.946,0.908,29976500,27819872
1015,sh560390,电网设备ETF易方达,1.013,-0.001,-0.099,1.014,1.015,1.014,1.023,1.041,1.012,128793200,132012134
1016,sh560380,A100ETF南方,1.29,0.016,1.256,1.288,1.293,1.274,1.286,1.3,1.284,10363900,13418137
1017,sh560370,红利质量ETF易方达,0.88,0.012,1.382,0.878,0.88,0.868,0.872,0.885,0.871,11569000,10146591
1018,sh560360,软件ETF万家,1.225,0.017,1.407,1.224,1.225,1.208,1.211,1.243,1.211,5024300,6174731
1019,sh560350,中证A50ETF摩根,1.306,0.022,1.713,1.305,1.306,1.284,1.293,1.313,1.293,17404945,22674543
1020,sh560330,沪深300价值ETF申万菱信,1.212,0.014,1.169,1.212,1.214,1.198,1.195,1.214,1.195,405400,489474
1021,sh560320,食品ETF富国,0.917,0.01,1.103,0.918,0.919,0.907,0.905,0.92,0.903,6578300,6013179
1022,sh560310,光伏ETF博时,0.895,-0.005,-0.556,0.895,0.898,0.9,0.907,0.918,0.894,6239700,5667301
1023,sh560300,电信ETF汇添富,2.424,-0.007,-0.288,2.425,2.431,2.431,2.468,2.47,2.423,466100,1140770
1024,sh560290,有色ETF景顺,0.848,0.042,5.211,0.846,0.85,0.806,0.814,0.867,0.814,26234600,22301211
1025,sh560280,工程机械ETF广发,1.613,0.022,1.383,1.611,1.612,1.591,1.603,1.636,1.602,84895005,137387216
1026,sh560270,电力ETF工银,1.035,0.01,0.976,1.034,1.035,1.025,1.025,1.041,1.018,10925600,11283146
1027,sh560260,医疗ETF广发,0.75,0.015,2.041,0.749,0.75,0.735,0.736,0.752,0.732,11182400,8325628
1028,sh560250,红利质量ETF富国,0.958,0.014,1.483,0.958,0.959,0.944,0.944,0.967,0.944,7416700,7111480
1029,sh560230,光伏ETF富国,0.897,-0.006,-0.664,0.897,0.902,0.903,0.906,0.924,0.897,32489400,29698787
1030,sh560220,中证2000ETF广发,1.494,0.018,1.22,1.494,1.497,1.476,1.495,1.517,1.484,2498500,3747844
1031,sh560210,农牧渔ETF景顺,0.766,0.011,1.457,0.765,0.766,0.755,0.755,0.768,0.747,11081200,8424564
1032,sh560190,公用事业ETF鹏华,1.087,0.012,1.116,1.087,1.088,1.075,1.075,1.096,1.069,7864300,8489062
1033,sh560180,沪深300ESGETF南方,1.22,0.017,1.413,1.218,1.22,1.203,1.215,1.226,1.215,1492100,1823428
1034,sh560170,央企科技ETF南方,1.275,0.001,0.078,1.274,1.275,1.274,1.3,1.312,1.271,37758021,49148666
1035,sh560160,食品ETF易方达,0.907,0.009,1.002,0.905,0.907,0.898,0.896,0.909,0.894,2682700,2424636
1036,sh560150,红利低波ETF泰康,1.127,0.01,0.895,1.127,1.128,1.117,1.118,1.128,1.109,8740800,9785965
1037,sh560130,食品ETF鹏华,0.903,0.008,0.894,0.902,0.903,0.895,0.892,0.905,0.891,168400,151571
1038,sh560120,中证500现金流ETF华夏,1.206,0.023,1.944,1.205,1.206,1.183,1.183,1.214,1.181,38194300,45769449
1039,sh560110,中证1000ETF汇添富,1.227,0.009,0.739,1.226,1.227,1.218,1.228,1.245,1.221,13999600,17236941
1040,sh560100,中证500增强ETF南方,1.382,0.024,1.767,1.382,1.383,1.358,1.371,1.403,1.371,15401700,21428231
1041,sh560090,证券ETF汇添富,1.119,0.036,3.324,1.119,1.12,1.083,1.084,1.124,1.078,193207800,213977747
1042,sh560080,中药ETF汇添富,0.93,0.015,1.639,0.929,0.93,0.915,0.917,0.931,0.911,49664511,45922064
1043,sh560070,央企红利ETF汇添富,1.13,0.013,1.164,1.131,1.132,1.117,1.131,1.139,1.117,2907800,3297065
1044,sh560060,碳中和ETF汇添富,0.991,0.022,2.27,0.988,0.992,0.969,0.975,1.002,0.975,704600,698501
1045,sh560050,中国A50ETF汇添富,1.123,0.022,1.998,1.123,1.124,1.101,1.106,1.128,1.106,90662721,101524021
1046,sh560030,800价值ETF汇添富,1.289,0.021,1.656,1.286,1.29,1.268,1.27,1.29,1.27,11500,14677
1047,sh560020,红利ETF汇添富,1.113,0.013,1.182,1.112,1.113,1.1,1.1,1.115,1.092,1080200,1195909
1048,sh560010,中证1000ETF广发,3.394,0.024,0.712,3.392,3.397,3.37,3.403,3.447,3.381,128828979,440019112
1049,sh560000,智能电车ETF浦银,0.939,0.0,0.0,0.0,0.0,0.939,0.0,0.0,0.0,0,0
1050,sh551900,科创债ETF招商,101.33,0.087,0.086,101.298,101.345,101.243,101.231,101.349,101.231,26565400,2690998798
1051,sh551800,科创债ETF国泰,100.61,0.012,0.012,100.595,100.611,100.598,100.633,100.633,100.562,67837300,6824088359
1052,sh551580,科创债ETF泰康,101.771,0.056,0.055,101.771,101.773,101.715,101.761,101.779,101.679,1231310,125286729
1053,sh551560,科创债ETF兴业,101.388,0.042,0.041,101.389,101.405,101.346,101.381,101.403,101.317,56174220,5693527890
1054,sh551550,科创债ETF华夏,101.29,0.105,0.104,101.249,101.288,101.185,101.22,101.302,101.176,49240110,4985550185
1055,sh551520,科创债ETF汇添富,101.529,0.017,0.017,101.529,101.53,101.512,101.545,101.545,101.469,63394300,6436539712
1056,sh551510,科创债ETF华泰柏瑞,101.855,0.006,0.006,101.853,101.855,101.849,101.883,101.897,101.802,6135900,624843579
1057,sh551500,科创债ETF易方达,101.695,0.077,0.076,101.672,101.696,101.618,101.65,101.695,101.611,11816500,1201338890
1058,sh551300,科创债ETF摩根,101.677,0.06,0.059,101.651,101.677,101.617,101.637,101.678,101.588,7453600,757734083
1059,sh551060,科创债ETF中银,101.42,0.078,0.077,101.384,101.42,101.342,101.377,101.42,101.342,148800,15082151
1060,sh551030,科创债ETF鹏华,101.39,0.058,0.057,101.388,101.39,101.332,101.382,101.396,101.321,16663700,1689474991
1061,sh551000,科创债ETF博时,101.427,0.063,0.062,101.426,101.464,101.364,101.364,101.465,101.364,7902300,801446334
1062,sh530880,红利国企ETF银河,1.087,0.016,1.494,1.087,1.089,1.071,1.07,1.091,1.053,3426200,3695328
1063,sh530800,上证180ETF银华,1.215,0.022,1.844,1.214,1.216,1.193,1.207,1.222,1.206,2889400,3509040
1064,sh530680,上证180ETF兴业,1.164,0.016,1.394,1.162,1.165,1.148,1.159,1.171,1.157,3494800,4073024
1065,sh530580,上证180ETF南方,1.179,0.016,1.376,1.177,1.18,1.163,1.166,1.186,1.166,7466000,8807410
1066,sh530530,上证580ETF华夏,1.209,0.002,0.166,1.19,1.21,1.207,1.235,1.24,1.206,1265400,1537432
1067,sh530380,上证380ETF易方达,1.1,0.01,0.917,1.1,1.104,1.09,1.106,1.119,1.1,4563100,5067461
1068,sh530300,上证180ETF华泰柏瑞,1.225,0.018,1.491,1.223,1.227,1.207,1.219,1.243,1.218,3851800,4718327
1069,sh530280,上证180ETF平安,1.204,0.018,1.518,1.202,1.206,1.186,1.198,1.212,1.198,5500,6613
1070,sh530180,上证180ETF易方达,1.193,0.015,1.273,1.193,1.195,1.178,1.184,1.204,1.184,6341800,7579087
1071,sh530100,上证580ETF易方达,1.22,0.003,0.247,1.218,1.22,1.217,1.235,1.241,1.215,1511500,1861030
1072,sh530080,上证180ETF天弘,1.218,0.019,1.585,1.218,1.221,1.199,1.21,1.228,1.21,4562000,5568367
1073,sh530060,上证指数ETF易方达,1.001,0.013,1.316,1.0,1.001,0.988,0.992,1.007,0.989,56463600,56382116
1074,sh530050,上证50ETF东财,1.162,0.022,1.93,1.159,1.162,1.14,1.14,1.166,1.14,5808100,6716695
1075,sh530000,上证50ETF天弘,1.356,0.02,1.497,1.357,1.36,1.336,1.342,1.363,1.337,1929800,2614339
1076,sh526070,恒指港股通ETF博时,0.962,0.019,2.015,0.962,0.963,0.943,0.96,0.967,0.945,20414800,19590288
1077,sh526050,港股通信息技术ETF招商,1.131,0.005,0.444,1.13,1.131,1.126,1.165,1.187,1.129,99854400,115844380
1078,sh526010,港股通医疗ETF汇添富,0.815,0.02,2.516,0.815,0.817,0.795,0.799,0.819,0.797,4067200,3297227
1079,sh526000,港股通信息技术ETF华夏,1.251,0.004,0.321,1.251,1.252,1.247,1.294,1.313,1.25,203071300,261084869
1080,sh520990,港股央企红利ETF景顺,1.013,0.009,0.896,1.012,1.013,1.004,1.004,1.018,1.004,203351500,205812746
1081,sh520980,港股通科技ETF汇添富,0.883,0.007,0.799,0.882,0.883,0.876,0.894,0.901,0.882,561965900,501165759
1082,sh520970,港股通创新药ETF嘉实,0.703,0.027,3.994,0.702,0.703,0.676,0.683,0.704,0.677,94647300,65719754
1083,sh520960,恒指港股通ETF嘉实,0.887,0.013,1.487,0.886,0.89,0.874,0.882,0.893,0.882,2998700,2666694
1084,sh520950,港股通50ETF摩根,0.828,0.013,1.595,0.828,0.829,0.815,0.821,0.834,0.821,29782300,24727510
1085,sh520940,港股通恒生ETF华安,0.976,0.016,1.667,0.974,0.976,0.96,0.969,0.98,0.965,9914700,9682723
1086,sh520930,恒生生物科技ETF国泰,0.777,0.025,3.324,0.777,0.778,0.752,0.759,0.782,0.754,9848700,7603765
1087,sh520920,恒生科技ETF天弘,0.696,0.006,0.87,0.696,0.697,0.69,0.699,0.704,0.696,306347700,214590010
1088,sh520910,港股通互联网ETF华夏,0.656,0.007,1.079,0.654,0.656,0.649,0.66,0.662,0.653,51307400,33706561
1089,sh520900,港股通红利ETF广发,1.027,0.008,0.785,1.027,1.028,1.019,1.019,1.035,1.018,215636400,222012787
1090,sh520890,港股通红利低波ETF华泰柏瑞,1.379,0.016,1.174,1.376,1.379,1.363,1.371,1.383,1.365,21607600,29773679
1091,sh520880,港股通创新药ETF华宝,0.397,0.014,3.655,0.397,0.398,0.383,0.386,0.398,0.382,1348358900,527848140
1092,sh520870,巴西ETF易方达,1.083,0.034,3.241,1.082,1.083,1.049,1.075,1.095,1.071,116902295,126787177
1093,sh520860,港股通科技ETF富国,0.779,0.011,1.432,0.778,0.779,0.768,0.778,0.786,0.778,26342100,20619126
1094,sh520850,港股通医疗ETF易方达,0.706,0.016,2.319,0.704,0.706,0.69,0.695,0.708,0.688,9460300,6643863
1095,sh520840,港股通恒生科技ETF华安,0.769,0.003,0.392,0.769,0.77,0.766,0.778,0.784,0.769,96706200,75186431
1096,sh520830,沙特ETF华泰柏瑞,0.908,0.01,1.114,0.907,0.908,0.898,0.903,0.908,0.902,39023979,35341942
1097,sh520820,恒指港股通ETF汇添富,0.901,0.016,1.808,0.899,0.902,0.885,0.893,0.907,0.893,1972000,1779736
1098,sh520810,港股通红利ETF易方达,1.022,0.01,0.988,1.021,1.025,1.012,1.014,1.025,1.014,3227300,3302788
1099,sh520790,港股通互联网ETF兴业,0.854,0.006,0.708,0.854,0.855,0.848,0.848,0.86,0.848,9703700,8302379
1100,sh520780,港股通汽车ETF华宝,0.91,0.022,2.477,0.91,0.912,0.888,0.895,0.914,0.895,25315100,22964625
1101,sh520770,恒指港股通ETF建信,0.908,0.015,1.68,0.908,0.91,0.893,0.892,0.918,0.892,54106300,49340220
1102,sh520760,恒生生物科技ETF摩根,0.778,0.025,3.32,0.777,0.778,0.753,0.76,0.781,0.753,9845200,7597187
1103,sh520730,港股通汽车ETF万家,0.857,0.024,2.881,0.857,0.858,0.833,0.837,0.863,0.837,7642100,6529686
1104,sh520720,港股汽车ETF国泰,0.826,0.022,2.736,0.825,0.826,0.804,0.816,0.83,0.812,46428600,38265749
1105,sh520710,港股通信息技术ETF广发,0.958,0.004,0.419,0.958,0.959,0.954,0.99,1.002,0.956,28441100,27926506
1106,sh520700,港股通创新药ETF万家,1.258,0.045,3.71,1.257,1.258,1.213,1.226,1.263,1.212,232926300,289395508
1107,sh520690,港股创新药ETF博时,0.643,0.022,3.543,0.643,0.644,0.621,0.627,0.647,0.622,143687000,91395197
1108,sh520680,港股通汽车ETF南方,0.902,0.023,2.617,0.902,0.904,0.879,0.886,0.907,0.886,10705300,9640055
1109,sh520670,港股通科技ETF嘉实,0.783,0.006,0.772,0.782,0.783,0.777,0.788,0.797,0.782,23670300,18690287
1110,sh520660,港股通央企红利ETF南方,1.024,0.007,0.688,1.023,1.024,1.017,1.018,1.032,1.016,75510900,77447581
1111,sh520650,港股通互联网ETF南方,0.622,0.005,0.81,0.622,0.623,0.617,0.622,0.628,0.62,192842500,120400386
1112,sh520630,港股通互联网ETF广发,0.685,0.007,1.032,0.683,0.685,0.678,0.699,0.699,0.68,6975100,4781784
1113,sh520620,恒生消费ETF嘉实,0.839,0.017,2.068,0.838,0.839,0.822,0.83,0.842,0.823,3255700,2720147
1114,sh520610,港股红利低波ETF银华,0.943,0.01,1.072,0.942,0.943,0.933,0.938,0.947,0.938,6211200,5865670
1115,sh520600,港股通汽车ETF广发,1.121,0.03,2.75,1.12,1.121,1.091,1.104,1.124,1.101,147738870,164724979
1116,sh520590,恒生科技ETF鹏华,0.805,0.008,1.004,0.804,0.805,0.797,0.808,0.814,0.804,15370100,12443451
1117,sh520580,新兴亚洲ETF招商,0.943,0.009,0.964,0.941,0.942,0.934,0.945,0.948,0.937,9406700,8895580
1118,sh520570,恒生科技ETF南方,0.753,0.007,0.938,0.753,0.754,0.746,0.76,0.761,0.752,149733100,113377433
1119,sh520560,香港大盘30ETF华宝,0.814,0.012,1.496,0.813,0.816,0.802,0.808,0.82,0.805,20827200,17003112
1120,sh520550,港股红利低波ETF招商,1.14,0.011,0.974,1.139,1.14,1.129,1.13,1.143,1.13,39254400,44711158
1121,sh520530,港股通科技ETF东财,0.804,0.009,1.132,0.804,0.805,0.795,0.809,0.813,0.803,32869600,26561593
1122,sh520520,恒生消费ETF华泰柏瑞,0.984,0.023,2.393,0.98,0.984,0.961,0.964,0.986,0.964,3385800,3315870
1123,sh520510,港股通医疗ETF华夏,0.745,0.017,2.335,0.746,0.747,0.728,0.741,0.75,0.728,223405500,165756206
1124,sh520500,恒生创新药ETF华泰柏瑞,1.235,0.052,4.396,1.234,1.235,1.183,1.197,1.241,1.181,1378260676,1680753562
1125,sh518890,上海金ETF中银,8.676,0.16,1.879,8.675,8.678,8.516,8.69,8.728,8.656,7575400,65762938
1126,sh518880,黄金ETF华安,8.659,0.153,1.799,8.659,8.66,8.506,8.67,8.715,8.639,436740687,3787489191
1127,sh518860,上海金ETF建信,8.679,0.145,1.699,8.671,8.686,8.534,8.699,8.73,8.665,2892300,25149122
1128,sh518850,黄金ETF华夏,8.742,0.156,1.817,8.743,8.744,8.586,8.745,8.795,8.72,62390000,545963667
1129,sh518800,黄金ETF国泰,9.08,0.164,1.839,9.079,9.082,8.916,9.069,9.136,9.059,51933550,472209297
1130,sh518680,金ETF富国,9.061,0.161,1.809,9.06,9.063,8.9,9.07,9.12,9.041,25795595,234116013
1131,sh518660,黄金ETF工银,8.68,0.154,1.806,8.678,8.68,8.526,8.71,8.734,8.661,26622200,231334838
1132,sh518600,金ETF广发,9.025,0.161,1.816,9.026,9.027,8.864,9.027,9.08,9.006,20787418,187824312
1133,sh517990,沪港深医药ETF招商,0.763,0.019,2.554,0.761,0.765,0.744,0.739,0.765,0.739,1012900,768362
1134,sh517950,沪深港科技50ETF交银,1.164,0.008,0.692,1.164,1.166,1.156,1.18,1.185,1.163,18339100,21571839
1135,sh517900,银行AH优选ETF招商,1.523,0.026,1.737,1.521,1.523,1.497,1.494,1.523,1.484,31434600,47480223
1136,sh517880,品牌消费ETF华泰柏瑞,0.755,0.007,0.936,0.755,0.756,0.748,0.749,0.756,0.749,3113800,2345744
1137,sh517850,张江ETF汇添富,1.269,-0.004,-0.314,1.268,1.269,1.273,1.298,1.311,1.265,617400,797848
1138,sh517800,人工智能50ETF方正富邦,1.041,0.01,0.97,1.037,1.044,1.031,1.053,1.055,1.034,5022100,5259583
1139,sh517770,游戏传媒ETF浦银,0.915,0.009,0.993,0.914,0.915,0.906,0.909,0.924,0.907,5448700,4992973
1140,sh517660,物联网ETF天弘,1.322,-0.004,-0.302,1.319,1.325,1.326,1.346,1.354,1.322,435700,588821
1141,sh517550,沪港深消费龙头ETF招商,0.647,0.002,0.31,0.646,0.647,0.645,0.647,0.648,0.641,10279200,6626515
1142,sh517520,黄金股ETF永赢,1.807,0.109,6.419,1.806,1.807,1.698,1.743,1.846,1.736,358530672,643553439
1143,sh517400,黄金股ETF国泰,1.422,0.082,6.119,1.421,1.422,1.34,1.366,1.453,1.366,45363581,63996110
1144,sh517390,云计算ETF天弘,1.907,0.005,0.263,1.907,1.908,1.902,1.918,1.94,1.898,5498500,10525112
1145,sh517380,创新药ETF天弘,0.662,0.021,3.276,0.661,0.662,0.641,0.642,0.663,0.638,48143200,31534852
1146,sh517360,沪港深科技ETF华安,0.919,0.006,0.657,0.919,0.921,0.913,0.919,0.929,0.919,25900,23936
1147,sh517350,沪港深科技ETF广发,0.951,0.008,0.848,0.95,0.953,0.943,0.945,0.97,0.945,383500,367936
1148,sh517330,长江保护ETF易方达,0.984,0.007,0.716,0.982,0.986,0.977,0.986,0.992,0.984,29100,28737
1149,sh517300,沪港深300ETF国寿,0.949,0.011,1.173,0.948,0.95,0.938,0.945,0.955,0.941,1226900,1167311
1150,sh517200,互联网ETF嘉实,0.577,0.007,1.228,0.576,0.577,0.57,0.57,0.582,0.57,3014900,1743057
1151,sh517180,中国国企ETF南方,1.466,0.004,0.274,1.466,1.469,1.462,1.457,1.476,1.454,3796200,5574246
1152,sh517170,沪港深500ETF华夏,1.01,0.015,1.508,1.008,1.012,0.995,1.005,1.015,1.005,1324300,1338838
1153,sh517160,长江保护ETF南方,0.976,0.007,0.722,0.974,0.978,0.969,0.968,0.984,0.968,16200,15801
1154,sh517130,云计算ETF嘉实,0.949,0.003,0.317,0.949,0.952,0.946,0.958,0.964,0.944,9126100,8705429
1155,sh517120,创新药ETF华泰柏瑞,0.598,0.017,2.926,0.598,0.599,0.581,0.583,0.601,0.58,18370300,10830911
1156,sh517110,创新药ETF国泰,0.628,0.017,2.782,0.627,0.628,0.611,0.618,0.629,0.606,14534700,9011681
1157,sh517100,沪港深500ETF富国,1.019,0.015,1.494,1.017,1.021,1.004,1.014,1.027,1.014,294800,301540
1158,sh517090,央企共赢ETF国泰,1.545,0.005,0.325,1.544,1.545,1.54,1.534,1.555,1.532,3745300,5787808
1159,sh517080,沪港深500ETF汇添富,0.997,0.014,1.424,0.995,0.997,0.983,0.986,1.003,0.986,1009500,1007853
1160,sh517050,互联网ETF华泰柏瑞,0.65,0.007,1.089,0.649,0.651,0.643,0.643,0.657,0.643,4672000,3051820
1161,sh517030,沪港深300ETF易方达,1.145,0.022,1.959,1.143,1.147,1.123,1.134,1.15,1.134,224100,256199
1162,sh517010,沪港深500ETF易方达,1.116,0.015,1.362,1.116,1.118,1.101,1.105,1.124,1.103,1995600,2235709
1163,sh517000,沪港深500ETF银华,1.008,0.014,1.408,1.007,1.009,0.994,0.994,1.012,0.994,836600,845133
1164,sh516980,证券先锋ETF华富,1.017,0.033,3.354,1.016,1.017,0.984,0.992,1.021,0.976,5706500,5754919
1165,sh516970,基建ETF广发,1.131,0.009,0.802,1.13,1.131,1.122,1.128,1.144,1.122,32002800,36297665
1166,sh516960,机械ETF国泰,0.967,0.011,1.151,0.966,0.967,0.956,0.963,0.985,0.962,1215000,1185986
1167,sh516950,基建ETF银华,1.051,0.015,1.448,1.049,1.051,1.036,1.038,1.06,1.038,10336900,10828482
1168,sh516930,生物科技ETF民生加银,0.432,0.011,2.613,0.431,0.433,0.421,0.422,0.434,0.419,1721800,741821
1169,sh516920,芯片ETF汇添富,1.431,-0.008,-0.556,1.431,1.432,1.439,1.505,1.508,1.427,33056740,48641054
1170,sh516910,物流ETF富国,1.131,0.027,2.446,1.13,1.131,1.104,1.104,1.135,1.104,14807000,16664699
1171,sh516900,食品饮料ETF华安,0.496,0.002,0.405,0.496,0.497,0.494,0.49,0.499,0.49,13433100,6666125
1172,sh516890,新材料ETF平安,0.846,0.001,0.118,0.844,0.848,0.845,0.863,0.866,0.825,843700,723515
1173,sh516880,光伏ETF银华,0.842,0.0,0.0,0.841,0.842,0.842,0.85,0.864,0.839,27595997,23580398
1174,sh516860,金融科技ETF博时,1.074,0.043,4.171,1.074,1.075,1.031,1.036,1.085,1.036,73508936,78284598
1175,sh516850,新能源ETF华夏,1.069,0.016,1.519,1.068,1.069,1.053,1.061,1.089,1.058,14890000,15987168
1176,sh516840,汽车ETF南方,0.834,0.011,1.337,0.834,0.835,0.823,0.825,0.844,0.824,7729400,6475362
1177,sh516830,沪深300ESGETF富国,1.067,0.013,1.233,1.067,1.069,1.054,1.065,1.075,1.065,4045900,4330394
1178,sh516820,医疗创新ETF平安,0.314,0.005,1.618,0.313,0.314,0.309,0.309,0.315,0.305,132378164,41137974
1179,sh516810,农业ETF华夏,0.724,0.015,2.116,0.724,0.725,0.709,0.713,0.73,0.702,128003600,91007407
1180,sh516800,智能制造ETF华宝,0.999,-0.005,-0.498,0.999,1.0,1.004,1.021,1.037,0.996,14995200,15246802
1181,sh516790,医疗ETF华泰柏瑞,0.506,0.008,1.606,0.505,0.507,0.498,0.499,0.507,0.498,8739300,4399240
1182,sh516780,稀土ETF华泰柏瑞,0.959,0.022,2.348,0.958,0.959,0.937,0.947,0.988,0.946,177228400,171107817
1183,sh516770,游戏ETF华泰柏瑞,1.115,0.015,1.364,1.114,1.115,1.1,1.106,1.13,1.095,25583600,28392143
1184,sh516760,养殖ETF平安,0.554,0.008,1.465,0.553,0.554,0.546,0.545,0.555,0.54,5092300,2793536
1185,sh516750,建材ETF富国,0.625,0.003,0.482,0.624,0.625,0.622,0.622,0.63,0.616,19225000,11980812
1186,sh516730,证券ETF浦银,0.95,0.027,2.925,0.95,0.953,0.923,0.926,0.955,0.917,5642000,5285189
1187,sh516720,ESGETF浦银,1.175,0.017,1.468,1.176,1.178,1.158,1.169,1.183,1.169,1029700,1215429
1188,sh516710,新材料ETF华夏,0.817,0.008,0.989,0.811,0.817,0.809,0.82,0.89,0.809,12782500,10484141
1189,sh516700,大数据产业ETF,0.872,0.003,0.345,0.872,0.873,0.869,0.874,0.887,0.87,8252900,7252176
1190,sh516670,畜牧养殖ETF招商,0.579,0.008,1.401,0.579,0.58,0.571,0.57,0.581,0.565,68504503,39193218
1191,sh516660,新能源车ETF华安,1.141,0.021,1.875,1.141,1.142,1.12,1.123,1.159,1.123,897300,1027054
1192,sh516650,有色金属ETF华夏,1.898,0.098,5.444,1.898,1.9,1.8,1.839,1.931,1.831,207987900,388608004
1193,sh516640,芯片ETF富国,1.474,-0.011,-0.741,1.475,1.476,1.485,1.541,1.553,1.47,101422500,153737960
1194,sh516630,云计算ETF华夏,1.589,0.002,0.126,1.589,1.59,1.587,1.601,1.618,1.585,31183500,49897520
1195,sh516620,影视ETF国泰,0.863,0.006,0.7,0.862,0.863,0.857,0.858,0.871,0.847,33646500,28979900
1196,sh516610,医疗设备ETF大成,0.42,0.005,1.205,0.419,0.42,0.415,0.416,0.421,0.414,6353900,2655848
1197,sh516600,消费服务ETF工银,0.584,0.006,1.038,0.583,0.585,0.578,0.576,0.587,0.576,1378000,801280
1198,sh516590,智能汽车ETF易方达,1.227,0.016,1.321,1.226,1.228,1.211,1.221,1.242,1.22,3424000,4224069
1199,sh516580,新能源ETF博时,0.681,0.01,1.49,0.68,0.681,0.671,0.673,0.693,0.673,5953900,4046778
1200,sh516570,化工行业ETF易方达,1.011,0.028,2.848,1.01,1.011,0.983,0.978,1.023,0.978,81305100,81165365
1201,sh516560,养老ETF华宝,0.722,0.015,2.122,0.721,0.722,0.707,0.707,0.723,0.704,5637800,4049324
1202,sh516550,农业ETF嘉实,0.693,0.015,2.212,0.692,0.693,0.678,0.673,0.695,0.673,17961900,12273600
1203,sh516530,物流ETF银华,0.973,0.02,2.099,0.971,0.973,0.953,0.947,0.98,0.947,1116700,1083978
1204,sh516520,智能驾驶ETF华泰柏瑞,1.129,0.004,0.356,1.129,1.13,1.125,1.143,1.15,1.125,28917700,32937359
1205,sh516510,云计算ETF易方达,1.627,0.001,0.062,1.628,1.629,1.626,1.655,1.656,1.623,44033600,72255913
1206,sh516500,生物科技ETF华夏,0.546,0.016,3.019,0.546,0.547,0.53,0.53,0.547,0.527,18203400,9865435
1207,sh516460,现金流ETF800鹏华,1.218,0.009,0.744,1.217,1.218,1.209,1.212,1.227,1.207,9591900,11619245
1208,sh516390,新能源车ETF汇添富,1.01,0.022,2.227,1.01,1.012,0.988,0.994,1.023,0.994,5747300,5812818
1209,sh516380,智能电动车ETF华宝,0.976,0.013,1.35,0.975,0.978,0.963,0.97,0.988,0.97,1051800,1033112
1210,sh516370,电力ETF汇添富,1.004,0.007,0.702,1.003,1.005,0.997,1.0,1.011,0.987,37425100,37467643
1211,sh516360,新材料ETF华宝,1.121,0.007,0.628,1.119,1.121,1.114,1.14,1.147,1.116,6958700,7887772
1212,sh516350,芯片ETF易方达,1.67,-0.01,-0.595,1.67,1.671,1.68,1.741,1.758,1.663,73457900,125960975
1213,sh516330,物联网ETF华泰柏瑞,1.666,-0.002,-0.12,1.666,1.669,1.668,1.684,1.713,1.666,1330900,2265718
1214,sh516320,高端装备ETF华夏,1.028,0.017,1.682,1.027,1.028,1.011,1.013,1.045,1.013,6793300,7027696
1215,sh516310,银行ETF易方达,1.348,0.021,1.583,1.348,1.349,1.327,1.316,1.349,1.313,103245400,137678142
1216,sh516300,中证1000ETF华泰柏瑞,3.412,0.028,0.827,3.406,3.412,3.384,3.414,3.461,3.403,3784500,12979577
1217,sh516290,光伏ETF汇添富,0.618,-0.002,-0.323,0.618,0.619,0.62,0.624,0.635,0.616,29835800,18733654
1218,sh516270,新能源ETF华安,0.681,0.011,1.642,0.681,0.682,0.67,0.676,0.695,0.676,21899200,15032463
1219,sh516260,物联网ETF华夏,1.451,-0.005,-0.343,1.452,1.454,1.456,1.485,1.499,1.451,1363700,1999799
1220,sh516250,工程机械ETF富国,1.017,0.014,1.396,1.017,1.018,1.003,1.004,1.032,0.999,16005200,16310573
1221,sh516230,光伏ETF招商,0.909,-0.001,-0.11,0.908,0.911,0.91,0.917,0.935,0.909,10069000,9286806
1222,sh516220,化工ETF国泰,0.937,0.031,3.422,0.937,0.938,0.906,0.903,0.945,0.9,32878500,30317181
1223,sh516210,银行ETF华安,1.388,0.022,1.611,1.386,1.388,1.366,1.357,1.388,1.348,12221000,16790732
1224,sh516200,证券ETF华安,0.997,0.032,3.316,0.998,0.999,0.965,0.954,1.001,0.954,14195000,13977962
1225,sh516190,传媒ETF华夏,0.995,0.009,0.913,0.995,0.996,0.986,0.995,1.008,0.983,17224100,17128657
1226,sh516180,光伏ETF平安,0.818,0.0,0.0,0.817,0.818,0.818,0.833,0.838,0.815,12337800,10237885
1227,sh516160,新能源ETF南方,2.908,0.049,1.714,2.908,2.909,2.859,2.879,2.966,2.879,66393277,194168939
1228,sh516150,稀土ETF嘉实,1.976,0.045,2.33,1.976,1.977,1.931,1.962,2.039,1.951,140489234,279458587
1229,sh516130,消费龙头ETF华宝,0.672,0.002,0.299,0.672,0.673,0.67,0.67,0.674,0.664,16582500,11098122
1230,sh516120,化工ETF富国,0.918,0.031,3.495,0.917,0.918,0.887,0.883,0.926,0.881,167996800,152255771
1231,sh516110,汽车ETF国泰,1.175,0.009,0.772,1.175,1.177,1.166,1.166,1.188,1.165,20144806,23695828
1232,sh516100,金融科技ETF华夏,1.036,0.04,4.016,1.034,1.035,0.996,1.003,1.046,1.002,34693400,35601623
1233,sh516090,新能源ETF易方达,0.573,0.009,1.596,0.572,0.573,0.564,0.568,0.584,0.567,93875300,54071704
1234,sh516080,创新药ETF易方达,0.584,0.013,2.277,0.584,0.585,0.571,0.578,0.585,0.565,155682300,89875674
1235,sh516070,低碳ETF易方达,0.638,0.01,1.592,0.637,0.639,0.628,0.628,0.646,0.628,8425900,5396003
1236,sh516060,创新药ETF工银,0.508,0.013,2.626,0.507,0.508,0.495,0.495,0.508,0.491,13829100,6933180
1237,sh516050,科技龙头ETF工银,1.438,-0.004,-0.277,1.436,1.437,1.442,1.468,1.485,1.432,5284400,7735531
1238,sh516020,化工ETF华宝,0.9,0.03,3.448,0.899,0.9,0.87,0.873,0.908,0.865,237148300,210067107
1239,sh516010,游戏ETF国泰,1.058,0.012,1.147,1.058,1.059,1.046,1.055,1.074,1.04,67859807,71652455
1240,sh516000,大数据ETF华夏,0.91,0.003,0.331,0.91,0.911,0.907,0.911,0.927,0.908,26390700,24254430
1241,sh515990,一带一路ETF汇添富,1.524,0.023,1.532,1.522,1.528,1.501,1.513,1.533,1.513,2297500,3505314
1242,sh515980,人工智能ETF华富,1.071,-0.001,-0.093,1.071,1.072,1.072,1.095,1.105,1.061,218474850,235865564
1243,sh515970,工程机械ETF华夏,0.894,0.013,1.476,0.893,0.894,0.881,0.886,0.905,0.886,103651400,93044235
1244,sh515960,医药ETF嘉实,0.741,0.014,1.926,0.74,0.742,0.727,0.731,0.742,0.724,10634500,7835675
1245,sh515950,医药50ETF富国,0.838,0.015,1.823,0.838,0.839,0.823,0.823,0.84,0.815,8786200,7283829
1246,sh515920,智能消费ETF博时,1.267,-0.001,-0.079,1.264,1.267,1.268,1.268,1.297,1.264,2592500,3331369
1247,sh515910,质量ETF中金,0.698,0.008,1.159,0.696,0.7,0.69,0.684,0.704,0.68,3295000,2305002
1248,sh515900,央企创新ETF博时,1.68,0.012,0.719,1.679,1.682,1.668,1.673,1.699,1.673,3117100,5250850
1249,sh515890,红利ETF博时,1.459,0.022,1.531,1.458,1.46,1.437,1.435,1.459,1.43,6040500,8745487
1250,sh515880,通信ETF国泰,1.584,-0.019,-1.185,1.584,1.585,1.603,1.65,1.658,1.578,3934749209,6340657752
1251,sh515860,科技ETF嘉实,2.046,0.015,0.739,2.046,2.047,2.031,2.047,2.094,2.038,3990400,8275124
1252,sh515850,证券ETF富国,1.299,0.045,3.589,1.299,1.301,1.254,1.256,1.303,1.248,42179900,54043635
1253,sh515810,中证800ETF易方达,1.744,0.022,1.278,1.741,1.744,1.722,1.741,1.754,1.737,23009700,40145476
1254,sh515800,中证800ETF汇添富,1.318,0.013,0.996,1.317,1.318,1.305,1.313,1.331,1.313,254592900,336387594
1255,sh515790,光伏ETF华泰柏瑞,0.996,-0.002,-0.2,0.996,0.997,0.998,1.009,1.024,0.993,390720532,394680753
1256,sh515770,MSCI中国A股ETF摩根,1.454,0.028,1.964,1.45,1.454,1.426,1.426,1.463,1.426,2222200,3233273
1257,sh515760,浙江国资ETF华夏,1.374,0.006,0.439,1.374,1.377,1.368,1.38,1.38,1.36,4805300,6606926
1258,sh515750,科技50ETF富国,1.903,0.012,0.635,1.901,1.903,1.891,1.955,1.955,1.901,4327400,8337657
1259,sh515730,家居家电ETF永赢,0.897,-0.002,-0.222,0.895,0.897,0.899,0.898,0.901,0.895,2194600,1971832
1260,sh515720,金融科技ETF富国,0.695,0.028,4.198,0.694,0.695,0.667,0.67,0.702,0.67,19513800,13434747
1261,sh515710,食品饮料ETF华宝,0.496,0.003,0.609,0.496,0.497,0.493,0.492,0.499,0.49,59499500,29452808
1262,sh515700,新能源车ETF平安,2.503,0.05,2.038,2.504,2.505,2.453,2.467,2.538,2.464,22961700,57347944
1263,sh515680,央企创新ETF嘉实,1.695,0.012,0.713,1.692,1.698,1.683,1.68,1.713,1.68,2007800,3418500
1264,sh515660,沪深300ETF国联安,5.967,0.084,1.428,5.964,5.967,5.883,5.888,6.006,5.888,1302200,7787563
1265,sh515650,消费50ETF富国,1.027,0.005,0.489,1.026,1.028,1.022,1.018,1.03,1.013,64792600,66191895
1266,sh515640,家电ETF华夏,0.984,-0.004,-0.405,0.984,0.989,0.988,0.985,0.994,0.983,1064500,1048759
1267,sh515630,证券保险ETF鹏华,1.245,0.055,4.622,1.238,1.244,1.19,1.185,1.248,1.181,67069899,81736481
1268,sh515600,央企创新ETF广发,1.687,0.016,0.958,1.688,1.69,1.671,1.684,1.706,1.684,2730200,4616411
1269,sh515590,500等权ETF前海开源,1.959,0.033,1.713,1.955,1.963,1.926,1.955,1.97,1.955,511200,1004962
1270,sh515580,科技100ETF华泰柏瑞,1.371,0.005,0.366,1.368,1.371,1.366,1.384,1.4,1.367,8717800,12123598
1271,sh515560,证券ETF建信,0.956,0.031,3.351,0.956,0.957,0.925,0.926,0.96,0.922,16923100,15987649
1272,sh515550,中证500ETF国联,1.805,0.02,1.12,1.797,1.805,1.785,1.795,1.83,1.795,761800,1376815
1273,sh515530,中证500ETF泰康,4.437,0.055,1.255,4.426,4.438,4.382,4.448,4.503,4.425,1374600,6128803
1274,sh515460,红利质量ETF南方,0.885,0.014,1.607,0.883,0.884,0.871,0.885,0.892,0.872,31777800,28076783
1275,sh515450,红利低波50ETF南方,1.43,0.012,0.846,1.429,1.43,1.418,1.413,1.43,1.411,137976500,195887352
1276,sh515400,大数据ETF富国,0.832,0.003,0.362,0.833,0.834,0.829,0.833,0.847,0.83,76553600,64205786
1277,sh515390,沪深300ETF华安,1.397,0.019,1.379,1.396,1.398,1.378,1.389,1.405,1.389,130443900,182256499
1278,sh515380,沪深300ETF泰康,5.567,0.079,1.44,5.566,5.569,5.488,5.543,5.6,5.504,1478200,8231837
1279,sh515370,光伏ETF华夏,0.945,-0.001,-0.106,0.944,0.945,0.946,0.957,0.971,0.941,39670200,38038367
1280,sh515360,沪深300ETF方正富邦,6.868,0.08,1.179,6.87,6.898,6.788,6.855,6.925,6.855,16400,112969
1281,sh515350,沪深300ETF民生加银,6.441,0.092,1.449,6.43,6.454,6.349,6.412,6.477,6.408,1283500,8253607
1282,sh515330,沪深300ETF天弘,1.38,0.018,1.322,1.38,1.382,1.362,1.368,1.39,1.367,10734200,14821017
1283,sh515320,电子50ETF华安,1.626,0.001,0.062,1.625,1.627,1.625,1.64,1.688,1.622,8645500,14291495
1284,sh515310,沪深300ETF汇添富,1.431,0.017,1.202,1.432,1.433,1.414,1.469,1.469,1.416,17236900,24691994
1285,sh515300,300红利低波ETF嘉实,1.292,0.009,0.701,1.291,1.292,1.283,1.279,1.292,1.273,77485124,99536871
1286,sh515290,银行ETF天弘,1.463,0.022,1.527,1.462,1.463,1.441,1.429,1.463,1.424,42080100,60750312
1287,sh515260,电子ETF华宝,0.894,-0.005,-0.556,0.895,0.896,0.899,0.925,0.934,0.893,136625100,125547420
1288,sh515250,智能汽车ETF富国,1.002,-0.001,-0.1,1.002,1.004,1.003,1.014,1.023,1.001,20652100,20939126
1289,sh515230,软件ETF国泰,0.701,0.012,1.742,0.701,0.702,0.689,0.696,0.712,0.693,281313860,197686982
1290,sh515220,煤炭ETF国泰,1.318,0.008,0.611,1.319,1.32,1.31,1.28,1.336,1.28,707725258,926315874
1291,sh515210,钢铁ETF国泰,1.256,0.033,2.698,1.256,1.257,1.223,1.223,1.267,1.221,84915200,106197529
1292,sh515200,创新100ETF申万菱信,2.578,0.013,0.507,2.565,2.578,2.565,2.587,2.639,2.57,1320400,3433542
1293,sh515190,中证500ETF中银证券,1.701,0.02,1.19,1.701,1.703,1.681,1.714,1.723,1.696,2892900,4932861
1294,sh515180,红利ETF易方达,1.422,0.02,1.427,1.422,1.423,1.402,1.396,1.425,1.395,247992300,350645631
1295,sh515170,食品饮料ETF华夏,0.464,0.002,0.433,0.463,0.464,0.462,0.46,0.467,0.458,129257000,59926046
1296,sh515160,MSCI中国ETF招商,1.655,0.027,1.658,1.651,1.655,1.628,1.642,1.661,1.642,325800,539861
1297,sh515150,一带一路ETF富国,1.563,0.024,1.559,1.561,1.563,1.539,1.539,1.576,1.539,1626100,2543075
1298,sh515130,沪深300ETF博时,1.586,0.022,1.407,1.582,1.586,1.564,1.572,1.594,1.572,7682800,12178627
1299,sh515120,创新药ETF广发,0.551,0.013,2.416,0.55,0.551,0.538,0.538,0.552,0.533,618067549,336430273
1300,sh515110,一带一路ETF易方达,1.642,0.024,1.483,1.642,1.645,1.618,1.619,1.655,1.619,5128700,8416367
1301,sh515100,红利低波100ETF景顺,1.417,0.013,0.926,1.416,1.418,1.404,1.403,1.417,1.396,88253700,124293205
1302,sh515090,可持续发展ETF博时,1.396,0.024,1.749,1.392,1.398,1.372,1.386,1.404,1.385,941000,1315380
1303,sh515080,中证红利ETF招商,1.591,0.024,1.532,1.591,1.592,1.567,1.566,1.594,1.561,188710266,298481783
1304,sh515070,人工智能ETF华夏,2.349,-0.003,-0.128,2.348,2.35,2.352,2.404,2.428,2.333,81170100,192489377
1305,sh515060,房地产ETF华夏,0.611,0.006,0.992,0.611,0.612,0.605,0.605,0.617,0.605,75068600,45887312
1306,sh515050,通信ETF华夏,1.182,-0.006,-0.505,1.181,1.182,1.188,1.227,1.23,1.177,1134739889,1365086235
1307,sh515030,新能源车ETF华夏,1.868,0.033,1.798,1.867,1.868,1.835,1.845,1.898,1.842,106062700,198322818
1308,sh515020,银行ETF华夏,1.741,0.026,1.516,1.74,1.741,1.715,1.704,1.741,1.685,72117000,124099399
1309,sh515010,证券ETF华夏,1.199,0.039,3.362,1.198,1.199,1.16,1.159,1.202,1.155,49059800,58151913
1310,sh515000,科技ETF华宝,1.347,0.001,0.074,1.346,1.347,1.346,1.384,1.393,1.342,129008046,176981287
1311,sh513990,港股通ETF招商,1.083,0.021,1.977,1.079,1.083,1.062,1.076,1.089,1.075,20746200,22481192
1312,sh513980,港股科技ETF景顺,0.599,0.007,1.182,0.598,0.599,0.592,0.6,0.605,0.598,789911600,474981154
1313,sh513970,恒生消费ETF景顺,0.843,0.017,2.058,0.842,0.843,0.826,0.832,0.846,0.828,67414900,56585361
1314,sh513950,恒生红利ETF富国,1.326,0.012,0.913,1.325,1.326,1.314,1.315,1.332,1.315,29683500,39390589
1315,sh513930,恒生生物科技ETF华泰柏瑞,0.838,0.028,3.457,0.837,0.839,0.81,0.819,0.841,0.81,152278700,126046936
1316,sh513920,港股通央企红利ETF华安,1.6,0.02,1.266,1.599,1.6,1.58,1.579,1.607,1.579,90260000,144330999
1317,sh513910,港股通央企红利ETF华夏,1.562,0.025,1.627,1.561,1.562,1.537,1.537,1.568,1.536,155588800,242723204
1318,sh513900,港股通100ETF华安,0.954,0.018,1.923,0.952,0.955,0.936,0.95,0.96,0.947,22076900,21086227
1319,sh513890,恒生科技ETF摩根,0.911,0.009,0.998,0.91,0.912,0.902,0.912,0.921,0.91,66631200,61070355
1320,sh513880,日经225ETF华安,2.121,0.036,1.727,2.119,2.12,2.085,2.159,2.179,2.114,259982155,559576093
1321,sh513870,纳指ETF富国,2.026,0.027,1.351,2.024,2.025,1.999,2.083,2.083,2.02,78384445,160822051
1322,sh513860,港股通科技ETF海富通,0.597,0.007,1.186,0.597,0.598,0.59,0.598,0.604,0.597,274377300,164883055
1323,sh513850,美国50ETF易方达,1.73,0.014,0.816,1.729,1.73,1.716,1.757,1.759,1.728,60427000,105453353
1324,sh513830,港股通高股息ETF嘉实,1.186,0.014,1.195,1.185,1.188,1.172,1.18,1.191,1.18,995200,1182426
1325,sh513820,港股通红利ETF汇添富,1.237,0.014,1.145,1.236,1.237,1.223,1.223,1.24,1.223,49376700,61007120
1326,sh513810,港股国企ETF华夏,1.748,0.031,1.805,1.744,1.749,1.717,1.723,1.756,1.723,1736400,3032670
1327,sh513800,日本东证指数ETF南方,1.772,0.015,0.854,1.772,1.773,1.757,1.782,1.79,1.77,51040000,90823244
1328,sh513780,港股创新药ETF景顺,1.303,0.046,3.66,1.303,1.304,1.257,1.272,1.308,1.255,307392034,395477465
1329,sh513770,港股互联网ETF华宝,0.365,0.002,0.551,0.365,0.366,0.363,0.367,0.369,0.364,1785136100,654359938
1330,sh513750,港股通非银ETF广发,1.515,0.042,2.851,1.514,1.515,1.473,1.489,1.53,1.485,1061950313,1608306975
1331,sh513730,东南亚科技ETF华泰柏瑞,1.148,0.011,0.967,1.147,1.148,1.137,1.153,1.166,1.147,47017134,54358655
1332,sh513720,港股互联网ETF国泰,0.679,0.008,1.192,0.678,0.679,0.671,0.676,0.684,0.675,20391635,13867288
1333,sh513700,港股通医药ETF鹏华,0.517,0.016,3.194,0.516,0.517,0.501,0.508,0.52,0.501,346690700,177791901
1334,sh513690,港股红利ETF博时,1.133,0.01,0.89,1.133,1.134,1.123,1.123,1.137,1.122,184668300,209470184
1335,sh513660,恒生ETF华夏,1.455,0.024,1.677,1.454,1.455,1.431,1.447,1.463,1.443,84947500,123595067
1336,sh513650,标普500ETF南方,1.854,0.009,0.488,1.854,1.855,1.845,1.875,1.881,1.852,208091364,388311215
1337,sh513630,港股低波红利ETF摩根,1.592,0.015,0.951,1.591,1.592,1.577,1.585,1.598,1.583,171810600,273774915
1338,sh513620,港股医疗ETF银华,0.864,0.023,2.735,0.863,0.864,0.841,0.852,0.868,0.841,14688800,12598738
1339,sh513600,恒生指数ETF南方,2.685,0.045,1.705,2.684,2.685,2.64,2.676,2.7,2.662,55539100,149088451
1340,sh513590,港股通消费ETF鹏华,0.808,0.016,2.02,0.806,0.807,0.792,0.796,0.81,0.795,7788300,6248368
1341,sh513580,恒生科技ETF华安,0.59,0.005,0.855,0.59,0.591,0.585,0.594,0.598,0.59,151987000,90355716
1342,sh513560,香港科技ETF兴银,1.116,0.014,1.27,1.115,1.116,1.102,1.117,1.126,1.113,63437700,71068058
1343,sh513550,港股通50ETF华泰柏瑞,1.088,0.019,1.777,1.088,1.089,1.069,1.081,1.095,1.081,90796690,99038392
1344,sh513530,港股通红利ETF华泰柏瑞,1.61,0.019,1.194,1.609,1.61,1.591,1.595,1.61,1.594,87816800,141001141
1345,sh513520,日经ETF华夏,2.292,0.038,1.686,2.291,2.292,2.254,2.338,2.339,2.279,267159236,618685496
1346,sh513500,标普500ETF博时,2.515,0.017,0.681,2.517,2.518,2.498,2.55,2.558,2.512,156436758,396814492
1347,sh513400,道琼斯ETF鹏华,1.254,0.014,1.129,1.254,1.255,1.24,1.259,1.26,1.254,162831660,204637440
1348,sh513390,纳指100ETF博时,2.375,0.039,1.67,2.373,2.374,2.336,2.42,2.423,2.367,44407700,106751616
1349,sh513380,恒生科技ETF广发,0.54,0.007,1.313,0.539,0.54,0.533,0.541,0.545,0.538,386671655,209628617
1350,sh513360,教育ETF博时,0.432,0.004,0.935,0.432,0.433,0.428,0.43,0.436,0.429,113772900,49299751
1351,sh513350,标普油气ETF富国,1.222,-0.038,-3.016,1.222,1.223,1.26,1.207,1.233,1.207,744860259,911550725
1352,sh513330,恒生互联网ETF华夏,0.385,0.004,1.05,0.384,0.385,0.381,0.385,0.389,0.384,4645528307,1793596951
1353,sh513320,港股通新经济ETF易方达,1.04,0.013,1.266,1.04,1.041,1.027,1.034,1.051,1.034,11225000,11732512
1354,sh513310,中韩半导体ETF华泰柏瑞,5.642,0.054,0.966,5.637,5.638,5.588,5.999,6.05,5.617,2211878969,12954571614
1355,sh513300,纳斯达克ETF华夏,2.619,0.035,1.354,2.618,2.621,2.584,2.671,2.679,2.612,310897643,823945506
1356,sh513290,纳指生物科技ETF汇添富,1.438,0.021,1.482,1.438,1.439,1.417,1.443,1.445,1.436,37498200,53961334
1357,sh513280,恒生生物科技ETF汇添富,0.895,0.029,3.349,0.895,0.896,0.866,0.875,0.9,0.865,104895300,92915266
1358,sh513260,恒生科技ETF汇添富,1.141,0.01,0.884,1.141,1.142,1.131,1.146,1.155,1.14,326300800,374467614
1359,sh513240,港股通信息技术ETF华安,1.075,0.002,0.186,1.076,1.077,1.073,1.118,1.131,1.075,83835300,92608426
1360,sh513230,港股通消费ETF华夏,0.908,0.019,2.137,0.907,0.908,0.889,0.895,0.911,0.89,35516000,32098950
1361,sh513220,中概互联ETF招商,0.939,0.01,1.076,0.938,0.939,0.929,0.939,0.947,0.933,34496300,32448309
1362,sh513210,恒生ETF易方达,1.464,0.023,1.596,1.464,1.465,1.441,1.451,1.475,1.451,12682300,18605229
1363,sh513200,港股通医药ETF易方达,0.866,0.029,3.465,0.865,0.867,0.837,0.846,0.869,0.837,211023292,180651469
1364,sh513190,港股通金融ETF华夏,1.792,0.046,2.635,1.791,1.792,1.746,1.749,1.804,1.745,348275400,622745387
1365,sh513180,恒生科技ETF华夏,0.595,0.006,1.019,0.594,0.595,0.589,0.597,0.601,0.594,4069121278,2433336399
1366,sh513170,恒生央企ETF鹏华,1.605,0.026,1.647,1.603,1.605,1.579,1.585,1.612,1.585,1861400,2984635
1367,sh513160,港股科技ETF银华,0.97,0.006,0.622,0.97,0.971,0.964,0.981,0.99,0.97,374714700,367828830
1368,sh513150,港股通科技ETF华泰柏瑞,0.951,0.012,1.278,0.951,0.953,0.939,0.958,0.96,0.95,81358800,77791696
1369,sh513140,港股通金融ETF华泰柏瑞,1.641,0.037,2.307,1.641,1.642,1.604,1.604,1.649,1.604,38468600,63155190
1370,sh513130,恒生科技ETF华泰柏瑞,0.586,0.006,1.034,0.585,0.586,0.58,0.587,0.592,0.584,5275491100,3104787414
1371,sh513120,港股创新药ETF广发,1.013,0.035,3.579,1.012,1.013,0.978,0.99,1.017,0.978,5640269575,5647120367
1372,sh513110,纳指ETF华泰柏瑞,2.405,0.038,1.605,2.405,2.407,2.367,2.449,2.45,2.401,168562232,409922676
1373,sh513100,纳指ETF国泰,2.162,0.032,1.502,2.162,2.163,2.13,2.21,2.215,2.158,479603021,1051537755
1374,sh513090,香港证券ETF易方达,1.78,0.058,3.368,1.78,1.781,1.722,1.74,1.803,1.729,5796322518,10309484078
1375,sh513080,法国ETF华安,1.739,0.027,1.577,1.738,1.739,1.712,1.744,1.748,1.737,27358200,47671344
1376,sh513070,港股通消费ETF易方达,1.151,0.019,1.678,1.151,1.152,1.132,1.135,1.158,1.133,109294383,125433700
1377,sh513060,恒生医疗ETF博时,0.476,0.014,3.03,0.476,0.477,0.462,0.467,0.479,0.462,2179658800,1027240639
1378,sh513050,中概互联网ETF易方达,1.082,0.008,0.745,1.082,1.083,1.074,1.086,1.096,1.081,1797282656,1955056091
1379,sh513040,港股通互联网ETF易方达,0.969,0.005,0.519,0.97,0.971,0.964,0.976,0.979,0.966,561830400,546669476
1380,sh513030,德国ETF华安,1.755,0.022,1.269,1.755,1.756,1.733,1.758,1.763,1.752,44151400,77600820
1381,sh513020,港股科技ETF国泰,0.932,0.012,1.304,0.932,0.933,0.92,0.934,0.943,0.931,195327912,183061366
1382,sh513010,恒生科技ETF易方达,0.614,0.006,0.987,0.613,0.614,0.608,0.615,0.62,0.612,1625698611,1001918337
1383,sh513000,日经225ETF易方达,2.279,0.039,1.741,2.278,2.279,2.24,2.317,2.329,2.277,134699707,310701385
1384,sh512990,MSCIA股ETF华夏,2.075,0.037,1.816,2.068,2.074,2.038,2.054,2.085,2.054,495100,1027841
1385,sh512980,传媒ETF广发,0.83,0.007,0.851,0.829,0.83,0.823,0.827,0.842,0.822,336314214,280048867
1386,sh512970,大湾区ETF平安,1.59,0.016,1.017,1.574,1.59,1.574,1.595,1.607,1.59,256100,409973
1387,sh512960,央企结构调整ETF博时,1.469,0.018,1.241,1.466,1.469,1.451,1.465,1.483,1.465,2866600,4229965
1388,sh512950,央企改革ETF华夏,1.517,0.012,0.797,1.516,1.518,1.505,1.515,1.533,1.514,7857800,11963263
1389,sh512940,有色ETF华安,0.866,0.041,4.97,0.865,0.866,0.825,0.839,0.884,0.836,70733900,60978110
1390,sh512930,AI人工智能ETF平安,0.661,0.001,0.152,0.661,0.662,0.66,0.675,0.68,0.655,204753700,136444194
1391,sh512910,A100ETF广发,1.347,0.018,1.354,1.347,1.35,1.329,1.336,1.358,1.336,11648700,15718375
1392,sh512900,证券ETF南方,1.033,0.035,3.507,1.033,1.034,0.998,0.997,1.035,0.993,83536800,85196729
1393,sh512890,红利低波ETF华泰柏瑞,1.172,0.01,0.861,1.171,1.172,1.162,1.16,1.172,1.154,667017181,776223901
1394,sh512880,证券ETF国泰,1.045,0.037,3.671,1.044,1.045,1.008,1.009,1.048,1.005,3416633001,3526136090
1395,sh512870,杭州湾区ETF南华,1.525,0.02,1.329,1.484,1.525,1.505,1.522,1.525,1.509,162800,246813
1396,sh512820,银行ETF汇添富,1.43,0.021,1.49,1.429,1.43,1.409,1.395,1.43,1.393,88171400,124650145
1397,sh512810,军工ETF华宝,0.724,0.015,2.116,0.723,0.724,0.709,0.718,0.74,0.717,67184200,49070186
1398,sh512800,银行ETF华宝,0.814,0.012,1.496,0.814,0.815,0.802,0.797,0.816,0.794,1522149403,1228487593
1399,sh512770,战略新兴ETF华夏,2.761,0.015,0.546,2.761,2.767,2.746,2.8,2.829,2.751,3519500,9835086
1400,sh512760,芯片ETF国泰,1.114,-0.008,-0.713,1.114,1.115,1.122,1.162,1.175,1.109,449861089,516124492
1401,sh512750,基本面50ETF嘉实,1.405,0.015,1.079,1.404,1.405,1.39,1.39,1.407,1.383,1970300,2762738
1402,sh512730,银行ETF鹏华,1.669,0.025,1.521,1.669,1.67,1.644,1.63,1.67,1.628,13979100,23113045
1403,sh512720,计算机ETF国泰,1.132,0.009,0.801,1.132,1.133,1.123,1.141,1.152,1.128,30260500,34547009
1404,sh512710,军工龙头ETF富国,0.675,0.022,3.369,0.674,0.675,0.653,0.663,0.689,0.663,897516743,608247595
1405,sh512700,银行ETF南方,1.502,0.024,1.624,1.501,1.502,1.478,1.467,1.502,1.463,75198800,111564629
1406,sh512690,酒ETF鹏华,0.428,0.004,0.943,0.428,0.429,0.424,0.423,0.432,0.421,1564242800,669375937
1407,sh512680,军工ETF广发,1.275,0.028,2.245,1.274,1.275,1.247,1.264,1.303,1.261,41005600,52691770
1408,sh512670,国防ETF鹏华,0.835,0.016,1.954,0.835,0.836,0.819,0.833,0.857,0.831,272814300,229991297
1409,sh512660,军工ETF国泰,1.246,0.027,2.215,1.246,1.247,1.219,1.237,1.275,1.237,344872081,433915962
1410,sh512650,长三角ETF汇添富,1.348,0.018,1.353,1.346,1.349,1.33,1.35,1.361,1.345,5443700,7379977
1411,sh512640,金融地产ETF嘉实,2.314,0.053,2.344,2.311,2.316,2.261,2.253,2.314,2.252,3055400,7006043
1412,sh512630,卫星ETF广发,1.332,0.01,0.756,1.331,1.333,1.322,1.344,1.37,1.325,140227196,189327056
1413,sh512620,农业ETF天弘,0.857,0.017,2.024,0.857,0.858,0.84,0.844,0.863,0.833,16476300,14033290
1414,sh512600,消费ETF嘉实,0.561,0.005,0.899,0.561,0.562,0.556,0.556,0.564,0.551,10376800,5800681
1415,sh512580,环保ETF广发,1.328,0.022,1.685,1.326,1.328,1.306,1.31,1.345,1.306,7458500,9915425
1416,sh512570,证券ETF易方达,1.05,0.037,3.653,1.049,1.05,1.013,1.015,1.053,1.009,169392300,175352569
1417,sh512560,军工ETF易方达,0.779,0.018,2.365,0.778,0.78,0.761,0.77,0.795,0.77,71348000,56018798
1418,sh512550,富时A50ETF嘉实,1.88,0.028,1.512,1.88,1.882,1.852,1.86,1.887,1.852,3870500,7254734
1419,sh512530,沪深300红利ETF建信,1.603,0.013,0.818,1.603,1.604,1.59,1.586,1.605,1.579,5408700,8627622
1420,sh512520,MSCI中国ETF华泰柏瑞,1.496,0.025,1.7,1.493,1.497,1.471,1.486,1.505,1.486,208500,312479
1421,sh512510,中证500ETF华泰柏瑞,2.399,0.027,1.138,2.397,2.407,2.372,2.409,2.445,2.398,13484200,32611344
1422,sh512500,中证500ETF华夏,4.564,0.056,1.242,4.564,4.565,4.508,4.555,4.64,4.55,97507600,447847128
1423,sh512480,半导体ETF国联安,2.106,-0.024,-1.127,2.106,2.107,2.13,2.217,2.223,2.093,716268396,1551462150
1424,sh512460,电池ETF华夏,1.016,0.022,2.213,1.017,1.018,0.994,0.996,1.034,0.996,22840200,23191368
1425,sh512450,畜牧养殖ETF广发,0.844,0.011,1.321,0.844,0.845,0.833,0.825,0.847,0.825,4121300,3456400
1426,sh512430,家居家电ETF华泰柏瑞,0.95,-0.003,-0.315,0.949,0.952,0.953,0.953,0.957,0.929,2822700,2689267
1427,sh512400,有色金属ETF南方,1.976,0.096,5.106,1.977,1.978,1.88,1.932,2.02,1.913,888871328,1748994682
1428,sh512390,中国低波ETF平安,1.26,0.011,0.881,1.26,1.262,1.249,1.249,1.287,1.249,321500,405481
1429,sh512380,MSCI中国ETF银华,1.655,0.023,1.409,1.652,1.656,1.632,1.648,1.664,1.648,743300,1231583
1430,sh512370,A500增强ETF华夏,1.207,0.016,1.343,1.201,1.209,1.191,1.21,1.211,1.195,2236000,2689369
1431,sh512360,MSCIA股ETF平安,1.84,0.025,1.377,1.832,1.855,1.815,1.801,1.851,1.801,11400,20938
1432,sh512330,信息科技ETF南方,1.816,-0.01,-0.548,1.815,1.816,1.826,1.898,1.898,1.809,5663600,10573172
1433,sh512290,生物医药ETF国泰,0.88,0.025,2.924,0.88,0.881,0.855,0.855,0.881,0.848,108189300,93711126
1434,sh512260,中证500低波动ETF华安,1.932,0.032,1.684,1.904,1.931,1.9,1.928,1.95,1.92,801900,1554081
1435,sh512250,A50ETF招商,1.253,0.019,1.54,1.253,1.256,1.234,1.246,1.266,1.244,2417000,3028015
1436,sh512240,A50ETF鹏华,1.175,0.021,1.82,1.178,1.181,1.154,1.166,1.184,1.166,1206900,1416751
1437,sh512220,TMTETF景顺,4.08,-0.019,-0.464,4.074,4.079,4.099,4.235,4.243,4.057,9277800,38565089
1438,sh512200,房地产ETF南方,1.277,0.017,1.349,1.276,1.277,1.26,1.265,1.285,1.259,169361364,215042177
1439,sh512190,浙商之江凤凰ETF,2.772,0.045,1.65,2.755,2.773,2.727,2.727,2.802,2.727,64000,177047
1440,sh512180,MSCIA股ETF建信,1.758,0.03,1.736,1.754,1.757,1.728,1.741,1.758,1.74,2500,4371
1441,sh512170,医疗ETF华宝,0.298,0.005,1.706,0.297,0.298,0.293,0.293,0.299,0.291,1594969251,471045150
1442,sh512160,MSCI中国A股ETF南方,1.554,0.024,1.569,1.551,1.557,1.53,1.542,1.566,1.534,626200,967160
1443,sh512150,富时A50ETF汇安,1.954,0.025,1.296,1.952,1.958,1.929,1.96,1.963,1.939,362700,707445
1444,sh512140,电力ETF华安,1.003,0.008,0.804,1.002,1.004,0.995,0.995,1.008,0.985,24431700,24395725
1445,sh512130,全指现金流ETF鹏华,1.174,0.009,0.773,1.174,1.18,1.165,1.169,1.184,1.165,651200,766860
1446,sh512120,医药ETF华安,0.407,0.009,2.261,0.406,0.407,0.398,0.398,0.407,0.394,29280300,11697684
1447,sh512100,中证1000ETF南方,3.309,0.023,0.7,3.309,3.31,3.286,3.322,3.367,3.299,653798120,2177669039
1448,sh512090,MSCIA股ETF易方达,2.032,0.033,1.651,2.031,2.032,1.999,1.99,2.051,1.99,66019000,134704691
1449,sh512080,A500ETF中金,1.346,0.012,0.9,1.346,1.355,1.334,1.328,1.36,1.328,7901500,10681470
1450,sh512070,证券保险ETF易方达,0.779,0.025,3.316,0.778,0.779,0.754,0.755,0.78,0.748,1139189298,878779672
1451,sh512060,A100ETF天弘,1.238,0.02,1.642,1.23,1.243,1.218,1.23,1.243,1.23,763600,944340
1452,sh512050,A500ETF华夏,1.256,0.015,1.209,1.257,1.258,1.241,1.254,1.268,1.253,1932110837,2433849860
1453,sh512040,价值100ETF富国,1.201,0.013,1.094,1.2,1.201,1.188,1.192,1.208,1.189,109919196,131924049
1454,sh512030,中证A50增强ETF易方达,1.112,0.018,1.645,1.111,1.115,1.094,1.083,1.116,1.083,3071700,3408365
1455,sh512020,A500ETF鹏华,1.331,0.018,1.371,1.329,1.332,1.313,1.332,1.343,1.327,54450318,72601601
1456,sh512010,医药ETF易方达,0.332,0.007,2.154,0.332,0.333,0.325,0.326,0.334,0.322,1804906756,592536711
1457,sh512000,券商ETF华宝,0.499,0.017,3.527,0.499,0.5,0.482,0.483,0.501,0.48,3497320894,1725802273
1458,sh511990,华宝添益ETF,100.003,0.001,0.001,100.003,100.004,100.002,100.003,100.004,100.0,124455502,12445726759
1459,sh511980,货币ETF汇添富,100.064,0.018,0.018,100.045,100.06,100.046,100.051,100.064,100.047,400,40021
1460,sh511970,国寿货币ETF,100.003,0.003,0.003,100.001,100.003,100.0,100.004,100.005,100.003,1702,170207
1461,sh511960,货币ETF嘉实,100.006,0.003,0.003,100.006,100.007,100.003,100.011,100.011,100.006,41700,4170323
1462,sh511950,添利货币ETF广发,100.005,-0.095,-0.095,100.001,100.009,100.1,100.013,100.013,100.0,61481,6148327
1463,sh511930,货币ETF国联,100.003,0.003,0.003,100.003,100.005,100.0,100.005,100.005,100.003,3110,311014
1464,sh511920,货币ETF广发,100.003,0.003,0.003,99.234,100.005,100.0,100.003,100.004,100.003,1700,170006
1465,sh511910,融通货币ETF,100.004,0.004,0.004,98.516,100.01,100.0,100.001,100.004,100.001,1001,100101
1466,sh511900,富国货币ETF,100.007,0.001,0.001,100.007,100.009,100.006,100.006,100.011,100.001,199712,19972596
1467,sh511880,银华日利ETF,100.517,-0.006,-0.006,100.517,100.518,100.523,100.522,100.522,100.515,197170468,19819178247
1468,sh511860,货币ETF博时,100.003,0.003,0.003,100.001,100.006,100.0,100.004,100.009,100.003,110700,11070533
1469,sh511850,招商财富宝ETF,100.009,-0.005,-0.005,100.009,100.01,100.014,100.012,100.013,100.007,1136624,113673604
1470,sh511830,货币ETF华泰柏瑞,100.0,0.0,0.0,99.999,100.014,100.0,0.0,0.0,0.0,0,0
1471,sh511820,鹏华添利ETF,100.003,0.007,0.007,100.002,100.005,99.996,100.006,100.006,100.002,145800,14580720
1472,sh511810,货币ETF南方,100.013,0.002,0.002,100.01,100.013,100.011,100.016,100.016,100.007,57009,5701559
1473,sh511800,易方达货币ETF,100.005,0.005,0.005,100.005,100.009,100.0,100.004,100.521,100.004,37438,3744324
1474,sh511770,金鹰增益货币ETF,100.001,-0.001,-0.001,100.001,100.004,100.002,100.005,100.005,100.001,121800,12180358
1475,sh511700,货币ETF平安,100.016,0.005,0.005,100.015,100.016,100.011,100.014,100.016,100.013,840918,84103807
1476,sh511690,交易货币ETF大成,100.005,0.004,0.004,100.002,100.005,100.001,100.004,100.005,100.002,338264,33827658
1477,sh511670,华泰天天金ETF,100.003,0.003,0.003,93.827,100.006,100.0,100.005,100.008,100.003,1808,180809
1478,sh511660,货币ETF建信,100.002,-0.003,-0.003,100.0,100.002,100.005,100.007,100.01,100.0,6281856,628218411
1479,sh511650,货币ETF华夏,100.004,0.001,0.001,100.002,100.008,100.003,100.003,100.005,100.003,67702,6770506
1480,sh511620,货币ETF国泰,100.011,0.004,0.004,100.009,100.01,100.007,100.009,100.011,100.007,191597,19161410
1481,sh511600,华安日日鑫ETF,100.005,0.005,0.005,100.004,100.005,100.0,100.004,100.006,100.004,26262,2626317
1482,sh511580,国债政金债ETF招商,109.293,-0.006,-0.005,109.289,109.292,109.299,109.299,109.31,109.29,30048300,3284397466
1483,sh511520,政金债ETF富国,117.33,0.062,0.053,117.334,117.338,117.268,117.362,117.371,117.262,18677400,2190868339
1484,sh511380,可转债ETF博时,13.929,0.115,0.832,13.925,13.926,13.814,13.891,14.057,13.891,737041868,10298210488
1485,sh511360,短融ETF海富通,113.538,-0.014,-0.012,113.534,113.535,113.552,113.551,113.552,113.529,189329496,21497995289
1486,sh511270,10年地方债ETF海富通,120.004,0.171,0.143,120.006,120.021,119.833,119.888,120.022,119.817,36808500,4413632525
1487,sh511260,十年国债ETF国泰,135.582,0.071,0.052,135.579,135.584,135.511,135.566,135.606,135.481,53470835,7249065102
1488,sh511220,城投债ETF海富通,10.361,0.009,0.087,10.36,10.361,10.352,10.353,10.365,10.349,167417003,1734196497
1489,sh511200,信用债ETF华夏,102.671,0.095,0.093,102.667,102.672,102.576,102.61,102.675,102.578,65777200,6749640705
1490,sh511190,信用债ETF海富通,102.125,0.101,0.099,102.11,102.126,102.024,102.025,102.138,101.999,5060400,516536949
1491,sh511180,可转债ETF海富通,12.777,0.123,0.972,12.775,12.778,12.654,12.733,12.835,12.725,255407089,3264093802
1492,sh511160,国债ETF东财,101.757,-0.011,-0.011,101.758,101.76,101.768,101.752,101.779,101.752,213200,21694730
1493,sh511150,科创债ETF永赢,101.73,0.094,0.092,101.692,101.73,101.636,101.605,101.73,101.605,1940220,197344452
1494,sh511130,30年国债ETF博时,105.62,0.416,0.395,105.61,105.624,105.204,105.412,105.67,105.31,31534900,3325902774
1495,sh511120,科创债ETF广发,101.353,0.042,0.041,101.33,101.353,101.311,101.254,101.353,101.254,29507700,2990232598
1496,sh511110,公司债ETF易方达,102.616,0.067,0.065,102.601,102.609,102.549,102.549,102.641,102.546,16425302,1685167925
1497,sh511100,国债ETF华夏,108.945,0.147,0.135,108.93,108.97,108.798,108.839,108.993,108.805,142344900,15503333235
1498,sh511090,30年国债ETF鹏扬,116.109,0.424,0.367,116.11,116.115,115.685,115.923,116.189,115.798,40560652,4703131744
1499,sh511070,公司债ETF南方,102.323,0.08,0.078,102.311,102.34,102.243,102.263,102.349,102.257,83649800,8554525122
1500,sh511060,5年地方债ETF海富通,108.026,0.062,0.057,108.019,108.026,107.964,108.029,108.029,107.96,791900,85519570
1501,sh511030,公司债ETF平安,107.887,0.086,0.08,107.887,107.888,107.801,107.827,107.896,107.772,18777000,2025251072
1502,sh511020,国债ETF平安,117.194,0.016,0.014,117.193,117.214,117.178,117.209,117.278,117.129,29511700,3456989449
1503,sh511010,国债ETF国泰,141.163,0.025,0.018,141.162,141.167,141.138,141.134,141.226,141.134,2754000,388751195
1504,sh510990,180ESGETF工银,1.038,0.016,1.566,1.036,1.039,1.022,1.03,1.043,1.029,6735800,6972712
1505,sh510980,上证指数ETF汇添富,1.408,0.016,1.149,1.408,1.409,1.392,1.397,1.415,1.397,83898600,117923346
1506,sh510950,上证50ETF广发,0.975,0.018,1.881,0.975,0.976,0.957,0.957,0.979,0.957,15437065,15021091
1507,sh510910,上证指数ETF南方,0.991,0.013,1.329,0.988,0.99,0.978,0.981,0.995,0.981,8747100,8660644
1508,sh510900,恒生中国企业ETF易方达,1.029,0.016,1.579,1.028,1.029,1.013,1.02,1.035,1.016,137125563,140976064
1509,sh510880,红利ETF华泰柏瑞,3.303,0.043,1.319,3.302,3.303,3.26,3.246,3.309,3.238,135811601,445662306
1510,sh510850,上证50ETF工银,3.521,0.064,1.851,3.522,3.525,3.457,3.494,3.53,3.467,3921700,13767604
1511,sh510810,上海国企ETF汇添富,0.835,0.012,1.458,0.834,0.837,0.823,0.83,0.839,0.827,2618000,2184754
1512,sh510800,上证50ETF建信,1.38,0.023,1.695,1.379,1.381,1.357,1.362,1.387,1.362,1878100,2587399
1513,sh510770,G60创新ETF申万菱信,1.03,-0.014,-1.341,1.029,1.038,1.044,1.061,1.067,1.029,4797400,5052003
1514,sh510760,上证指数ETF国泰,1.32,0.021,1.617,1.319,1.32,1.299,1.307,1.324,1.303,295170401,388515148
1515,sh510720,红利国企ETF国泰,1.038,0.015,1.466,1.037,1.039,1.023,1.019,1.042,1.018,94817487,97850034
1516,sh510710,上证50ETF博时,4.223,0.079,1.906,4.221,4.226,4.144,4.111,4.236,4.111,1575300,6613464
1517,sh510680,上证50ETF万家,3.153,0.056,1.808,3.154,3.156,3.097,3.111,3.162,3.102,651900,2042059
1518,sh510670,上证180ETF华夏,0.987,0.002,0.203,0.987,0.991,0.985,0.978,0.994,0.978,2195500,2170460
1519,sh510660,医药ETF华夏,2.181,0.059,2.78,2.181,2.182,2.122,2.123,2.181,2.099,6555600,14153155
1520,sh510650,金融地产ETF华夏,2.847,0.065,2.336,2.839,2.847,2.782,2.78,2.847,2.661,1876300,5234009
1521,sh510630,消费ETF华夏,0.804,0.011,1.387,0.803,0.804,0.793,0.794,0.807,0.788,60946100,48737573
1522,sh510600,上证50ETF申万菱信,3.82,0.069,1.84,3.827,3.828,3.751,3.77,3.829,3.77,1128600,4311924
1523,sh510590,中证500ETF平安,8.712,0.123,1.432,8.694,8.725,8.589,8.62,8.826,8.62,295900,2587309
1524,sh510580,中证500ETF易方达,4.232,0.054,1.292,4.232,4.234,4.178,4.237,4.3,4.214,54373470,231200110
1525,sh510570,中证500ETF兴业,1.281,0.012,0.946,1.276,1.282,1.269,1.281,1.301,1.281,541200,698436
1526,sh510560,中证500ETF国寿,1.997,0.024,1.216,1.995,2.001,1.973,2.003,2.032,1.997,663800,1340066
1527,sh510550,中证500ETF方正富邦,2.072,0.019,0.925,2.068,2.072,2.053,2.067,2.106,2.067,966800,2018094
1528,sh510530,中证500ETF工银,8.979,0.11,1.24,8.962,8.982,8.869,9.002,9.123,8.964,548600,4960395
1529,sh510510,中证500ETF广发,2.605,0.03,1.165,2.604,2.605,2.575,2.61,2.648,2.598,22659800,59354121
1530,sh510500,中证500ETF南方,8.242,0.109,1.34,8.244,8.245,8.133,8.297,8.37,8.211,313357760,2595066377
1531,sh510410,资源ETF博时,1.962,0.042,2.188,1.961,1.963,1.92,1.928,1.999,1.928,11028632,21780992
1532,sh510390,沪深300ETF平安,5.406,0.077,1.445,5.402,5.417,5.329,5.329,5.444,5.329,1035700,5605949
1533,sh510380,沪深300ETF国寿,1.42,0.018,1.284,1.421,1.423,1.402,1.418,1.429,1.416,1190800,1690922
1534,sh510370,沪深300ETF兴业,1.065,0.01,0.948,1.065,1.068,1.055,1.065,1.073,1.063,3566200,3811731
1535,sh510360,沪深300ETF广发,1.831,0.025,1.384,1.83,1.831,1.806,1.82,1.842,1.819,25806700,47233071
1536,sh510350,沪深300ETF工银,5.033,0.065,1.308,5.036,5.04,4.968,5.026,5.063,5.005,3700262,18629814
1537,sh510330,沪深300ETF华夏,5.012,0.064,1.293,5.012,5.013,4.948,4.99,5.043,4.984,231437600,1159720584
1538,sh510320,沪深300ETF中金,1.295,0.018,1.41,1.291,1.295,1.277,1.289,1.299,1.284,14601900,18896215
1539,sh510310,沪深300ETF易方达,4.666,0.067,1.457,4.666,4.667,4.599,4.647,4.691,4.636,313585953,1462182052
1540,sh510300,沪深300ETF华泰柏瑞,4.818,0.067,1.41,4.818,4.819,4.751,4.81,4.846,4.789,780885896,3761995011
1541,sh510290,上证380ETF南方,2.64,0.027,1.033,2.639,2.645,2.613,2.639,2.686,2.636,1423900,3776950
1542,sh510270,国企ETF中银,1.5,0.03,2.041,1.497,1.501,1.47,1.471,1.503,1.471,1150500,1725463
1543,sh510230,金融ETF国泰,1.31,0.028,2.184,1.31,1.311,1.282,1.274,1.31,1.27,89353200,116237781
1544,sh510210,上证指数ETF富国,1.014,0.012,1.198,1.013,1.014,1.002,1.006,1.02,1.006,914639200,926277389
1545,sh510200,上证券商ETF汇安,1.142,0.035,3.162,1.141,1.142,1.107,1.1,1.143,1.098,8170900,9208601
1546,sh510190,上证50ETF华安,4.265,0.085,2.033,4.265,4.27,4.18,4.176,4.27,4.176,300500,1278537
1547,sh510180,上证180ETF华安,4.009,0.051,1.289,4.009,4.014,3.958,3.973,4.043,3.973,29879500,120024579
1548,sh510170,大宗商品ETF国联安,1.417,0.034,2.458,1.42,1.421,1.383,1.39,1.44,1.388,23553900,33368703
1549,sh510160,产业升级ETF南方,0.896,0.015,1.703,0.894,0.896,0.881,0.883,0.899,0.883,239900,212639
1550,sh510150,消费ETF招商,0.469,0.007,1.515,0.469,0.47,0.462,0.463,0.472,0.46,59626900,27847718
1551,sh510130,上证中盘ETF易方达,7.478,0.113,1.534,7.438,7.588,7.365,7.439,7.543,7.439,283800,2122400
1552,sh510100,上证50ETF易方达,2.923,0.052,1.811,2.922,2.924,2.871,2.88,2.931,2.878,159483786,464592041
1553,sh510090,责任ETF建信,2.496,0.033,1.34,2.493,2.501,2.463,2.468,2.501,2.468,10664,26632
1554,sh510060,央企ETF工银,2.589,0.024,0.936,2.575,2.589,2.565,2.56,2.595,2.56,71500,184718
1555,sh510050,上证50ETF华夏,2.982,0.054,1.844,2.982,2.984,2.928,2.945,2.993,2.936,1322889929,3937901112
1556,sh510040,上证180ETF鹏华,1.174,0.016,1.382,1.172,1.175,1.158,1.169,1.182,1.166,4892800,5746304
1557,sh510030,价值ETF华宝,1.046,0.014,1.357,1.046,1.047,1.032,1.032,1.048,1.024,8308800,8670162
1558,sh510020,超大盘ETF博时,3.85,0.05,1.316,3.842,3.858,3.8,3.801,3.87,3.801,480380,1846510
1559,sh510010,180治理ETF交银,1.74,0.03,1.754,1.73,1.744,1.71,1.718,1.761,1.695,206300,355602
